resolution,n_clusters,modularity_Q
0.4,2,0.24575977573160024
0.5,3,0.3887283641308482
0.6,3,0.3763969921882379
0.7,5,0.4313363428667709
0.8,6,0.4407810174609195
0.9,6,0.4382605425635917
1.0,8,0.4411818437018293
1.1,10,0.445802067868453
1.2,11,0.4427747821899922
1.3,14,0.43854840278071244
1.4,14,0.44074290233501173
1.5,16,0.4312891736025189
1.6,17,0.42903960521929874
1.7,20,0.4215760732348778
1.8,21,0.4123141086528852
1.9,23,0.4093422032827647
2.0,24,0.40559761672857286
2.1,24,0.40779226125103535
2.2,27,0.39602852280979217
2.3,29,0.3946733433895372
2.4,29,0.3948660259215158
2.5,32,0.39123882370694735
2.6,31,0.391089895059361
2.7,34,0.38364701878873414
2.8,34,0.3822986636375007
2.9,38,0.3627421157630054
3.0,36,0.38075618750899215
3.1,40,0.36920822687044624
3.2,37,0.36007330219452255
3.3,42,0.35104881146151234
3.4,41,0.35585979160251685
3.5,42,0.3548447226116033
3.6,40,0.35127995893748576
3.7,43,0.35068506966500484
3.8,44,0.34350020113075813
3.9,47,0.33791423314106905
4.0,50,0.33456169027269056
