family_id,label,pillar,confidence,df,cluster,intra_betweenness,supra,bridge_ratio,members
20,ecosystem,INNOVATION,0.4319,71,4,0.302266,0.660862,2.186,ecosystem
29,governance,GOVERNANCE,0.2477,55,5,0.18142,0.393399,2.168,governance
97,sustainable,INNOVATION,0.0617,45,4,0.111425,0.22358,2.007,sustainable | sustainability
505,sustained,INNOVATION,0.0404,10,1,0.146739,0.213189,1.453,sustained
2,coaches,TALENT,0.4123,131,3,0.102972,0.208847,2.028,coaches
8,countries,GOVERNANCE,0.0455,84,0,0.111068,0.200392,1.804,countries
25,issues,GOVERNANCE,0.0778,58,0,0.126368,0.200268,1.585,issues
46,psychological,TALENT,0.0309,47,1,0.083782,0.17741,2.118,psychological
55,structural,UNASSIGNED,0.0086,45,5,0.079621,0.15091,1.895,structural
13,policies,GOVERNANCE,0.0979,71,0,0.079241,0.148291,1.871,policies
18,opportunities,INNOVATION,0.032,63,3,0.10562,0.142235,1.347,opportunities
83,unique,INNOVATION,0.0283,38,8,0.094332,0.135113,1.432,unique
92,contexts,GOVERNANCE,0.0237,35,2,0.080805,0.133924,1.657,contexts
488,national olympic,GOVERNANCE,0.1701,10,0,0.092483,0.132529,1.433,national olympic
31,organizations,GOVERNANCE,0.1522,88,5,0.082056,0.128452,1.565,organizations | organisations
36,higher,TALENT,0.0597,51,1,0.068839,0.127072,1.846,higher
38,institutional,GOVERNANCE,0.0272,51,5,0.071004,0.127039,1.789,institutional
324,performance sport system,GOVERNANCE,0.0923,14,1,0.073819,0.119057,1.613,performance sport system
388,ecological,INNOVATION,0.2541,17,7,0.085786,0.118571,1.382,ecological | ecology
50,mental,UNASSIGNED,0.002,46,1,0.048612,0.109495,2.252,mental
526,directors,GOVERNANCE,0.1692,9,0,0.089146,0.107899,1.21,directors
251,grassroots,INNOVATION,0.0328,17,5,0.072241,0.106998,1.481,grassroots
196,gap,INNOVATION,0.0268,32,2,0.068209,0.105195,1.542,gap
12,athletic,UNASSIGNED,0.0062,76,6,0.057323,0.099716,1.74,athletic
37,insights,UNASSIGNED,0.0025,67,4,0.054751,0.092896,1.697,insights
11,participation,UNASSIGNED,0.0061,78,3,0.052494,0.092425,1.761,participation
586,confidence,TALENT,0.0659,8,1,0.059121,0.091405,1.546,confidence
95,dynamics,UNASSIGNED,0.0117,50,6,0.055879,0.089622,1.604,dynamics
72,gender,UNASSIGNED,0.0197,39,2,0.044685,0.087286,1.953,gender
74,post,INNOVATION,0.079,44,6,0.064904,0.085004,1.31,post
57,educational,TALENT,0.1376,44,7,0.047852,0.084665,1.769,educational
136,ability,TALENT,0.1595,36,1,0.052344,0.08431,1.611,ability
3,olympic,UNASSIGNED,0.0029,143,0,0.044505,0.081992,1.842,olympic | olympic sports
89,historical,UNASSIGNED,0.0194,36,5,0.04464,0.081117,1.817,historical
105,psychology,TALENT,0.0479,32,1,0.038217,0.08099,2.119,psychology
260,russia,GOVERNANCE,0.0301,22,0,0.041263,0.07966,1.931,russia | russian
49,identification,TALENT,0.5255,46,3,0.034542,0.07889,2.284,identification
345,democratic,GOVERNANCE,0.1059,13,0,0.045381,0.078704,1.734,democratic
261,settings,INNOVATION,0.0358,33,1,0.056841,0.077543,1.364,settings
90,integration,UNASSIGNED,0.0004,36,4,0.043828,0.077303,1.764,integration
613,ioc,GOVERNANCE,0.0308,8,0,0.049526,0.077219,1.559,ioc
412,administrative,GOVERNANCE,0.0575,11,5,0.052654,0.076231,1.448,administrative
64,structures,GOVERNANCE,0.0375,42,5,0.039933,0.075458,1.89,structures
104,interventions,TALENT,0.1667,52,1,0.047199,0.074481,1.578,interventions
65,limited,INNOVATION,0.0659,41,5,0.049424,0.073315,1.483,limited
141,mental health,UNASSIGNED,0.0102,28,1,0.031099,0.070713,2.274,mental health
153,involvement,UNASSIGNED,0.0174,25,3,0.044685,0.070319,1.574,involvement
193,technologies,INNOVATION,0.2186,27,4,0.029751,0.070143,2.358,technologies | technological
16,coaching,TALENT,0.5265,63,3,0.03495,0.068442,1.958,coaching | sports coaching
671,entrepreneurial,INNOVATION,0.2164,9,5,0.061759,0.068285,1.106,entrepreneurial | entrepreneurship
14,strategies,UNASSIGNED,0.0062,99,4,0.037012,0.068271,1.845,strategies
402,priority,GOVERNANCE,0.0484,22,5,0.045955,0.068167,1.483,priority
19,stakeholders,GOVERNANCE,0.0736,75,4,0.041602,0.067553,1.624,stakeholders
73,injury,TALENT,0.0656,48,4,0.042626,0.06748,1.583,injury
137,communication,INNOVATION,0.0266,28,3,0.052165,0.067251,1.289,communication
618,likelihood,TALENT,0.0722,8,3,0.046791,0.065902,1.408,likelihood
142,relation,UNASSIGNED,0.0064,51,0,0.04631,0.065733,1.419,relation
135,transition,TALENT,0.3463,38,6,0.034379,0.065473,1.904,transition
280,athlete performance,UNASSIGNED,0.0077,28,4,0.03304,0.065466,1.981,athlete performance | athletic performance
109,concept,INNOVATION,0.021,46,1,0.050714,0.065289,1.287,concept
15,experiences,TALENT,0.1554,67,6,0.036012,0.064879,1.802,experiences
68,association,UNASSIGNED,0.0077,52,6,0.038535,0.064429,1.672,association
84,federations,GOVERNANCE,0.231,53,0,0.044208,0.063535,1.437,federations
485,junior,TALENT,0.1957,10,3,0.039686,0.06261,1.578,junior
88,goals,UNASSIGNED,0.002,36,5,0.039449,0.062311,1.58,goals
81,systemic,GOVERNANCE,0.052,38,2,0.039568,0.061654,1.558,systemic
482,innovation,INNOVATION,0.0406,20,4,0.032734,0.061255,1.871,innovation | innovative
78,activity,INNOVATION,0.0283,61,5,0.047569,0.061156,1.286,activity
336,wearable,INNOVATION,0.2264,14,4,0.022817,0.060721,2.661,wearable
309,component,INNOVATION,0.057,25,2,0.044505,0.060048,1.349,component
7,competitive,UNASSIGNED,0.0026,93,0,0.036922,0.058735,1.591,competitive
45,models,INNOVATION,0.0253,60,1,0.041925,0.057717,1.377,models | modelling
149,principles,GOVERNANCE,0.0418,32,3,0.037744,0.054752,1.451,principles
263,trends,INNOVATION,0.0483,31,5,0.039668,0.054396,1.371,trends
151,comparative,INNOVATION,0.0254,25,0,0.039103,0.054361,1.39,comparative
376,analytics,INNOVATION,0.2395,12,4,0.024913,0.054132,2.173,analytics
22,resources,UNASSIGNED,0.0099,60,0,0.034304,0.053898,1.571,resources
5,framework,GOVERNANCE,0.1136,121,4,0.035658,0.053715,1.506,framework
32,outcomes,GOVERNANCE,0.0475,65,1,0.039308,0.053496,1.361,outcomes
54,programs,TALENT,0.0949,78,1,0.027356,0.053351,1.95,programs | programmes
278,statistics,INNOVATION,0.1762,20,2,0.035072,0.052857,1.507,statistics | statistical
421,fans,INNOVATION,0.0328,18,4,0.031444,0.052224,1.661,fans
127,categories,UNASSIGNED,0.0042,35,2,0.029429,0.051632,1.754,categories
33,performance sport,GOVERNANCE,0.1236,85,1,0.039725,0.051301,1.291,performance sport | sport performance
21,talent,TALENT,0.1151,66,3,0.021231,0.050649,2.386,talent | talented
168,distinct,TALENT,0.1078,23,1,0.034297,0.049578,1.446,distinct
422,handball,UNASSIGNED,0.0065,11,3,0.033943,0.048763,1.437,handball
115,pathways,TALENT,0.1456,44,3,0.02311,0.048521,2.1,pathways
492,prediction,UNASSIGNED,0.0046,13,4,0.030783,0.048009,1.56,prediction
476,fifa,GOVERNANCE,0.0229,10,0,0.027526,0.047925,1.741,fifa
172,schools,TALENT,0.1285,23,3,0.026376,0.047776,1.811,schools
436,psychosocial,UNASSIGNED,0.0171,11,1,0.029384,0.047757,1.625,psychosocial
121,areas,TALENT,0.0627,30,1,0.030132,0.047692,1.583,areas
107,application,UNASSIGNED,0.0168,39,4,0.029971,0.046714,1.559,application
528,equitable,GOVERNANCE,0.0228,9,2,0.032635,0.046033,1.411,equitable
24,global,GOVERNANCE,0.0347,58,0,0.030341,0.045472,1.499,global
130,inclusive,UNASSIGNED,0.009,29,2,0.026179,0.045178,1.726,inclusive
458,actionable,INNOVATION,0.0527,10,4,0.027251,0.04511,1.655,actionable
344,concerns,GOVERNANCE,0.0674,13,1,0.037118,0.04492,1.21,concerns
6,challenges,TALENT,0.0389,100,4,0.028826,0.043949,1.525,challenges
298,reform,UNASSIGNED,0.0011,27,5,0.025231,0.043784,1.735,reform
10,youth,TALENT,0.2166,82,3,0.018292,0.043672,2.388,youth
332,sectional,UNASSIGNED,0.0156,14,1,0.024645,0.043152,1.751,sectional
382,commitment,UNASSIGNED,0.004,12,3,0.03137,0.04269,1.361,commitment
349,equity,GOVERNANCE,0.0262,13,2,0.027682,0.042547,1.537,equity
554,procedures,TALENT,0.0403,9,3,0.032827,0.042528,1.296,procedures
248,digital,INNOVATION,0.1678,17,4,0.01927,0.041799,2.169,digital
252,hierarchical,GOVERNANCE,0.0689,17,1,0.02909,0.041548,1.428,hierarchical
59,comprehensive,UNASSIGNED,0.0158,43,5,0.026461,0.04114,1.555,comprehensive
39,processes,TALENT,0.0333,51,3,0.022456,0.04085,1.819,processes
418,elite sport development,UNASSIGNED,0.017,11,0,0.026585,0.040491,1.523,elite sport development
56,clubs,UNASSIGNED,0.0126,58,3,0.028255,0.040357,1.428,clubs
144,perceptions,TALENT,0.0229,37,6,0.029152,0.04026,1.381,perceptions
113,measures,GOVERNANCE,0.0599,31,2,0.027369,0.040255,1.471,measures
180,olympic committee,GOVERNANCE,0.035,22,0,0.023981,0.039944,1.666,olympic committee
206,australian,INNOVATION,0.0514,29,1,0.028783,0.039567,1.375,australian | australia
253,international sport,UNASSIGNED,0.0082,29,0,0.023606,0.038567,1.634,international sport
258,regulation,GOVERNANCE,0.0207,31,5,0.022521,0.038191,1.696,regulation | regulatory
82,themes,UNASSIGNED,0.0095,38,6,0.023652,0.038184,1.614,themes
397,measurement,INNOVATION,0.0468,12,7,0.029751,0.037331,1.255,measurement
87,status,UNASSIGNED,0.0196,37,2,0.025638,0.036961,1.442,status
76,skills,TALENT,0.0299,39,1,0.018945,0.036276,1.915,skills
139,holistic,UNASSIGNED,0.019,28,8,0.018957,0.036236,1.911,holistic
660,commercialisation,INNOVATION,0.4534,13,5,0.03096,0.036218,1.17,commercialisation | commercialization
48,women,TALENT,0.0374,47,2,0.025151,0.036073,1.434,women
106,united,INNOVATION,0.0258,32,0,0.027816,0.035817,1.288,united
361,ministry,UNASSIGNED,0.0071,13,5,0.023437,0.035674,1.522,ministry
216,doping,GOVERNANCE,0.2687,19,2,0.021896,0.035662,1.629,doping
173,services,INNOVATION,0.0271,23,6,0.026526,0.035415,1.335,services
118,states,GOVERNANCE,0.2366,31,0,0.02273,0.034651,1.524,states
267,contextual,UNASSIGNED,0.0084,16,7,0.024972,0.034097,1.365,contextual
509,vision,INNOVATION,0.024,10,4,0.02451,0.033837,1.381,vision
401,prevalence,TALENT,0.0922,12,1,0.022048,0.033662,1.527,prevalence
256,profile,TALENT,0.1059,21,5,0.025069,0.033217,1.325,profile
463,career transition,TALENT,0.4479,10,6,0.020823,0.033088,1.589,career transition
27,aspects,UNASSIGNED,0.0084,56,2,0.025683,0.032926,1.282,aspects
323,patterns,INNOVATION,0.0686,14,3,0.024591,0.03243,1.319,patterns
123,high performance,TALENT,0.0249,30,1,0.021721,0.032411,1.492,high performance
222,korea,GOVERNANCE,0.0249,19,7,0.022417,0.032152,1.434,korea
468,decline,INNOVATION,0.0565,10,5,0.028058,0.032131,1.145,decline
63,practitioners,TALENT,0.0716,45,1,0.018373,0.032037,1.744,practitioners
201,making,TALENT,0.0808,20,4,0.01919,0.031538,1.643,making
299,social support,UNASSIGNED,0.0074,15,1,0.017152,0.031405,1.831,social support
102,mechanisms,UNASSIGNED,0.0079,43,5,0.021214,0.031359,1.478,mechanisms
612,internet,INNOVATION,0.2127,8,4,0.018141,0.03119,1.719,internet
518,consumption,INNOVATION,0.095,9,1,0.02322,0.031009,1.335,consumption
60,implementation,GOVERNANCE,0.045,43,4,0.01981,0.030582,1.544,implementation
51,self,TALENT,0.0203,46,1,0.019435,0.029803,1.533,self
462,beijing,INNOVATION,0.0322,10,0,0.026445,0.029607,1.12,beijing
158,children,TALENT,0.1238,24,3,0.0187,0.029338,1.569,children
719,school sport,TALENT,0.0302,12,2,0.01968,0.028947,1.471,school sport
230,tool,UNASSIGNED,0.0012,36,4,0.020402,0.028378,1.391,tool
52,differences,UNASSIGNED,0.0022,45,1,0.017197,0.028326,1.647,differences
120,access,TALENT,0.0337,30,2,0.020252,0.027624,1.364,access
58,relationships,TALENT,0.073,44,6,0.018373,0.027567,1.5,relationships
174,stress,TALENT,0.0785,23,1,0.017557,0.027357,1.558,stress
103,greater,GOVERNANCE,0.0367,32,2,0.022,0.027304,1.241,greater
152,expectations,UNASSIGNED,0.0115,25,3,0.018687,0.027285,1.46,expectations
515,behaviors,INNOVATION,0.0844,18,2,0.021205,0.027145,1.28,behaviors | behaviours
62,environments,INNOVATION,0.1089,42,1,0.021205,0.027041,1.275,environments
228,regression,UNASSIGNED,0.0084,19,1,0.017242,0.026644,1.545,regression
347,dual career,TALENT,0.17,13,7,0.018863,0.026553,1.408,dual career
354,governments,GOVERNANCE,0.0311,13,0,0.018559,0.026143,1.409,governments
100,football,INNOVATION,0.0253,33,2,0.021205,0.026035,1.228,football
366,recovery,TALENT,0.0735,13,0,0.018455,0.025671,1.391,recovery
624,paradigm,INNOVATION,0.0243,8,4,0.02185,0.025641,1.174,paradigm
9,games,INNOVATION,0.0996,84,0,0.02064,0.02564,1.242,games
459,adolescent,TALENT,0.1403,14,3,0.015025,0.025452,1.694,adolescent | adolescence
147,benefits,UNASSIGNED,0.0092,26,1,0.017874,0.025367,1.419,benefits
183,sport participation,UNASSIGNED,0.0074,29,3,0.014534,0.024432,1.681,sport participation
187,facilities,UNASSIGNED,0.0086,27,0,0.016159,0.024354,1.507,facilities
235,evolution,UNASSIGNED,0.0168,18,5,0.015662,0.024352,1.555,evolution
41,teams,UNASSIGNED,0.0003,50,2,0.018371,0.024132,1.314,teams
288,institute,TALENT,0.0805,15,1,0.018047,0.02411,1.336,institute
134,socio,UNASSIGNED,0.0035,29,8,0.014715,0.024063,1.635,socio
566,sport sector,INNOVATION,0.0888,14,5,0.016045,0.023897,1.489,sport sector
215,documents,GOVERNANCE,0.0281,19,0,0.016265,0.023817,1.464,documents
277,stages,TALENT,0.0397,16,3,0.013964,0.023724,1.699,stages
175,awareness,UNASSIGNED,0.0129,22,3,0.014263,0.023495,1.647,awareness
53,nations,GOVERNANCE,0.1749,45,0,0.015431,0.023296,1.51,nations
371,uk,UNASSIGNED,0.0009,13,0,0.015662,0.023221,1.483,uk
80,cross,INNOVATION,0.0396,38,1,0.017254,0.022976,1.332,cross
240,norwegian,INNOVATION,0.0361,22,3,0.01927,0.022859,1.186,norwegian | norway
108,barriers,GOVERNANCE,0.0786,31,7,0.015952,0.02285,1.432,barriers
242,parents,TALENT,0.0234,18,3,0.012494,0.022822,1.827,parents
176,collaboration,UNASSIGNED,0.0019,30,4,0.013315,0.02267,1.703,collaboration | collaborative
310,dominant,GOVERNANCE,0.0317,14,0,0.017099,0.022166,1.296,dominant
625,parental,UNASSIGNED,0.0098,8,1,0.014669,0.022101,1.507,parental
122,athletics,UNASSIGNED,0.0169,30,6,0.014432,0.02195,1.521,athletics
17,implications,GOVERNANCE,0.031,63,3,0.01637,0.021817,1.333,implications
362,national elite,GOVERNANCE,0.2283,13,0,0.017412,0.021733,1.248,national elite | national elite sport
67,youth sport,TALENT,0.251,52,3,0.009309,0.021699,2.331,youth sport
699,partnerships,UNASSIGNED,0.0078,12,8,0.014218,0.021583,1.518,partnerships
217,efficient,INNOVATION,0.0707,19,4,0.014432,0.021557,1.494,efficient
281,collegiate,TALENT,0.1243,15,6,0.012167,0.021483,1.766,collegiate
352,fitness,TALENT,0.1989,13,7,0.016822,0.021266,1.264,fitness
128,committee,UNASSIGNED,0.0052,33,0,0.012277,0.021135,1.722,committee
44,influence,TALENT,0.0308,60,5,0.016903,0.021005,1.243,influence
194,appropriate,TALENT,0.031,20,3,0.0138,0.021003,1.522,appropriate
507,switzerland,GOVERNANCE,0.0351,10,0,0.018872,0.020941,1.11,switzerland
525,devices,INNOVATION,0.0897,9,4,0.010159,0.020888,2.056,devices
408,sport governance,GOVERNANCE,0.2429,12,5,0.013867,0.020796,1.5,sport governance
34,sport policy,GOVERNANCE,0.0906,64,5,0.012095,0.020759,1.716,sport policy | elite sport policy
4,sporting,UNASSIGNED,0.0045,103,0,0.015753,0.020732,1.316,sporting
500,retirement,TALENT,0.0553,10,6,0.016087,0.020199,1.256,retirement
42,players,TALENT,0.087,49,2,0.012331,0.020003,1.622,players
157,capacity,TALENT,0.0205,24,6,0.013964,0.019822,1.42,capacity
140,medals,UNASSIGNED,0.0064,43,0,0.010607,0.019725,1.86,medals
166,scientific,UNASSIGNED,0.0088,24,4,0.013135,0.019649,1.496,scientific
117,selection,TALENT,0.1921,31,3,0.009962,0.019362,1.944,selection
205,variables,INNOVATION,0.0346,26,2,0.0154,0.019014,1.235,variables
66,national sport,GOVERNANCE,0.2046,45,0,0.011469,0.018748,1.635,national sport | national sporting
200,leaders,GOVERNANCE,0.0645,20,0,0.013659,0.018721,1.371,leaders
555,rating,TALENT,0.024,15,1,0.01527,0.018714,1.226,rating
233,contribution,GOVERNANCE,0.0459,26,3,0.015327,0.01867,1.218,contribution
199,landscape,UNASSIGNED,0.007,20,5,0.011735,0.018658,1.59,landscape
628,protection,GOVERNANCE,0.3145,8,0,0.017204,0.018575,1.08,protection
93,careers,TALENT,0.2465,34,6,0.010861,0.018532,1.706,careers
30,practical,TALENT,0.0351,55,3,0.010861,0.018487,1.702,practical
410,validation,UNASSIGNED,0.0047,12,4,0.014173,0.018279,1.29,validation
414,career development,TALENT,0.028,11,6,0.011677,0.018119,1.552,career development
801,foucauldian,UNASSIGNED,0.0085,8,1,0.015572,0.018096,1.162,foucauldian | foucault
101,learning,TALENT,0.1459,33,4,0.010044,0.018091,1.801,learning
423,healthy,UNASSIGNED,0.0036,11,8,0.009704,0.017946,1.849,healthy
170,lower,UNASSIGNED,0.0022,23,1,0.012954,0.017716,1.368,lower
150,basketball,GOVERNANCE,0.0538,25,2,0.013554,0.017186,1.268,basketball
593,disciplinary,GOVERNANCE,0.051,8,1,0.013346,0.017065,1.279,disciplinary
191,sources,UNASSIGNED,0.008,21,8,0.010201,0.016842,1.651,sources
244,capabilities,UNASSIGNED,0.0162,17,0,0.011871,0.016817,1.417,capabilities
26,conditions,UNASSIGNED,0.0032,57,8,0.013044,0.01673,1.283,conditions
184,amateur,TALENT,0.0351,21,7,0.012331,0.016643,1.35,amateur
116,recommendations,TALENT,0.0313,31,3,0.011106,0.016515,1.487,recommendations
154,men,INNOVATION,0.0254,25,2,0.014271,0.016481,1.155,men
246,covid,INNOVATION,0.0951,17,9,0.010643,0.016402,1.541,covid
209,crisis,GOVERNANCE,0.0211,19,9,0.013346,0.016127,1.208,crisis
162,mass,UNASSIGNED,0.0121,24,5,0.010878,0.015911,1.463,mass
471,dropout,UNASSIGNED,0.0187,10,3,0.010923,0.0159,1.456,dropout
231,advantage,UNASSIGNED,0.0169,26,0,0.010742,0.015772,1.468,advantage
119,talent identification,TALENT,0.4253,31,3,0.006614,0.015739,2.379,talent identification
250,forms,GOVERNANCE,0.0414,17,2,0.013346,0.015673,1.174,forms
370,trajectories,TALENT,0.0213,13,3,0.010371,0.015523,1.497,trajectories
171,preparation,TALENT,0.4402,23,0,0.010779,0.015308,1.42,preparation
328,possibilities,INNOVATION,0.0296,20,2,0.012336,0.015119,1.226,possibilities
296,personnel,UNASSIGNED,0.018,15,8,0.008711,0.015058,1.729,personnel
308,competitiveness,UNASSIGNED,0.0172,14,0,0.011104,0.01498,1.349,competitiveness
132,paralympic,INNOVATION,0.0539,29,9,0.010078,0.01481,1.469,paralympic | paralympic games | paralympic sport
395,longitudinal,TALENT,0.1012,12,3,0.009799,0.014797,1.51,longitudinal
219,ethical,GOVERNANCE,0.1285,27,4,0.010218,0.014685,1.437,ethical | ethics
77,academic,TALENT,0.0513,42,7,0.009554,0.014661,1.535,academic
565,spain,UNASSIGNED,0.0026,9,4,0.010968,0.014604,1.332,spain
40,non,INNOVATION,0.0349,50,5,0.013223,0.014518,1.098,non
392,integrity,GOVERNANCE,0.4151,12,5,0.010635,0.014374,1.352,integrity
126,bodies,GOVERNANCE,0.077,29,5,0.008133,0.014272,1.755,bodies
112,germany,UNASSIGNED,0.0107,31,0,0.010923,0.013937,1.276,germany
210,de,INNOVATION,0.0238,19,2,0.010643,0.013664,1.284,de
545,marketing,INNOVATION,0.2082,9,2,0.010643,0.013592,1.277,marketing
384,constraints,GOVERNANCE,0.0304,12,7,0.011261,0.013589,1.207,constraints
268,coordination,GOVERNANCE,0.2032,16,3,0.010635,0.013513,1.271,coordination
342,ai,INNOVATION,0.2059,13,4,0.005966,0.013501,2.263,ai
167,demands,GOVERNANCE,0.023,23,3,0.010009,0.013481,1.347,demands
295,performances,INNOVATION,0.048,15,0,0.011771,0.013472,1.144,performances
444,sociocultural,INNOVATION,0.0267,11,7,0.011207,0.013467,1.202,sociocultural
304,anti,GOVERNANCE,0.1238,14,2,0.009801,0.013417,1.369,anti
427,integral,UNASSIGNED,0.0068,11,3,0.011329,0.013408,1.184,integral
389,feedback,UNASSIGNED,0.0053,12,4,0.00993,0.013404,1.35,feedback
583,communities,TALENT,0.0318,8,7,0.010942,0.01338,1.223,communities
283,criteria,UNASSIGNED,0.007,15,7,0.01002,0.013276,1.325,criteria
269,korean,TALENT,0.0462,16,7,0.009554,0.013232,1.385,korean | south korean
143,actors,TALENT,0.065,30,5,0.011351,0.013203,1.163,actors
405,retention,TALENT,0.0507,12,3,0.008493,0.013051,1.537,retention
138,effectiveness,UNASSIGNED,0.0118,28,2,0.009343,0.012513,1.339,effectiveness
537,interplay,INNOVATION,0.0342,9,1,0.010643,0.012477,1.172,interplay
353,global sports,INNOVATION,0.1015,13,0,0.010643,0.012461,1.171,global sports
75,relevant,INNOVATION,0.0342,39,0,0.010481,0.012345,1.178,relevant
313,exploration,INNOVATION,0.0312,14,2,0.010643,0.012305,1.156,exploration
229,sport psychology,TALENT,0.0395,19,1,0.006369,0.01228,1.928,sport psychology
417,discourse,INNOVATION,0.0372,15,1,0.010643,0.012187,1.145,discourse | discourses
348,equipment,TALENT,0.073,13,4,0.009064,0.012103,1.335,equipment
213,determinants,TALENT,0.0288,24,0,0.008738,0.012061,1.38,determinants
513,anxiety,INNOVATION,0.0339,9,1,0.010481,0.011906,1.136,anxiety
512,agents,UNASSIGNED,0.0159,9,2,0.009434,0.011841,1.255,agents
432,physiological,TALENT,0.0973,11,4,0.008983,0.011836,1.318,physiological
86,inclusion,UNASSIGNED,0.0095,37,2,0.007132,0.011835,1.659,inclusion
339,adaptive,INNOVATION,0.0234,13,4,0.008869,0.011809,1.331,adaptive
450,tensions,GOVERNANCE,0.0375,11,3,0.009332,0.011555,1.238,tensions
145,systematic,UNASSIGNED,0.0137,27,3,0.00826,0.011397,1.38,systematic
647,youth sport system,TALENT,0.1019,13,3,0.007023,0.011366,1.619,youth sport system
630,reading,TALENT,0.0663,8,7,0.008411,0.011132,1.324,reading
546,mega,UNASSIGNED,0.0191,9,0,0.008621,0.01093,1.268,mega
365,programming,UNASSIGNED,0.0184,13,6,0.009163,0.010877,1.187,programming
355,guidelines,UNASSIGNED,0.0011,13,8,0.007132,0.010746,1.507,guidelines
550,optimization,INNOVATION,0.0903,9,4,0.005966,0.010522,1.764,optimization
192,standards,UNASSIGNED,0.0113,21,7,0.007357,0.010469,1.423,standards
285,domain,UNASSIGNED,0.0163,25,4,0.007402,0.010364,1.4,domain
403,professionals,UNASSIGNED,0.0087,12,1,0.007448,0.010196,1.369,professionals
591,deeper,TALENT,0.0222,8,1,0.008329,0.010145,1.218,deeper
181,regional,GOVERNANCE,0.0289,22,3,0.00782,0.009935,1.27,regional
320,match,UNASSIGNED,0.0054,20,2,0.007493,0.009723,1.298,match
255,monitoring,INNOVATION,0.2617,17,4,0.004193,0.009669,2.306,monitoring
730,topic,UNASSIGNED,0.0002,12,3,0.008711,0.009621,1.104,topic
164,relative,UNASSIGNED,0.0079,24,3,0.006274,0.009572,1.526,relative
534,inequality,GOVERNANCE,0.0297,15,2,0.007038,0.009453,1.343,inequality
351,experts,TALENT,0.0887,13,8,0.008411,0.00941,1.119,experts
438,reports,GOVERNANCE,0.02,11,0,0.00782,0.0094,1.202,reports
179,motivation,TALENT,0.0466,30,1,0.006451,0.009352,1.45,motivation | motivational
544,linear,UNASSIGNED,0.0137,9,1,0.006861,0.009323,1.359,linear
391,fragmented,INNOVATION,0.046,12,5,0.007337,0.009172,1.25,fragmented
178,interactions,UNASSIGNED,0.0164,40,1,0.007041,0.009137,1.298,interactions
429,investigation,UNASSIGNED,0.0075,11,6,0.008034,0.008913,1.109,investigation
259,representation,UNASSIGNED,0.0048,17,2,0.006139,0.008833,1.439,representation
411,achievements,INNOVATION,0.0233,21,0,0.007498,0.008675,1.157,achievements
129,identity,TALENT,0.284,31,6,0.006451,0.008671,1.344,identity
337,welfare,GOVERNANCE,0.1151,14,0,0.006777,0.008547,1.261,welfare
218,era,UNASSIGNED,0.0012,19,5,0.005732,0.008546,1.491,era
185,depth,TALENT,0.0608,21,2,0.005798,0.008475,1.462,depth
292,optimal,INNOVATION,0.0214,15,1,0.006773,0.00842,1.243,optimal
227,recognition,TALENT,0.1505,19,4,0.006614,0.008413,1.272,recognition
160,crucial,UNASSIGNED,0.0194,24,3,0.005868,0.008297,1.414,crucial
533,hierarchy,GOVERNANCE,0.05,9,2,0.007507,0.008278,1.103,hierarchy
571,teachers,TALENT,0.2444,9,2,0.005798,0.008208,1.416,teachers
212,descriptive,TALENT,0.0983,19,2,0.005879,0.0081,1.378,descriptive
542,laws,GOVERNANCE,0.1078,9,5,0.006673,0.007965,1.194,laws
110,developmental,TALENT,0.1044,31,3,0.004083,0.007842,1.921,developmental
441,scores,INNOVATION,0.1203,11,1,0.005483,0.007718,1.408,scores
559,reflections,UNASSIGNED,0.0121,15,1,0.006274,0.007709,1.229,reflections
287,indicators,INNOVATION,0.1207,15,5,0.006934,0.007624,1.1,indicators
504,sub,UNASSIGNED,0.0182,10,6,0.006455,0.0076,1.177,sub
514,athlete health,UNASSIGNED,0.0063,16,1,0.004784,0.00751,1.57,athlete health | athlete mental health
99,evaluation,TALENT,0.0355,33,4,0.005716,0.007489,1.31,evaluation
71,organizational,GOVERNANCE,0.0304,40,8,0.005317,0.007435,1.398,organizational
460,africa,INNOVATION,0.0247,10,0,0.006289,0.007354,1.169,africa
79,characteristics,TALENT,0.1977,38,3,0.005716,0.007269,1.272,characteristics
415,considerations,UNASSIGNED,0.0058,17,4,0.005868,0.007201,1.227,considerations
477,gold,UNASSIGNED,0.0123,10,0,0.004649,0.007064,1.519,gold
859,struggle,UNASSIGNED,0.0004,10,6,0.006409,0.007041,1.099,struggle
43,broader,UNASSIGNED,0.0083,48,6,0.005823,0.007016,1.205,broader
91,canada,UNASSIGNED,0.0019,47,0,0.005191,0.007015,1.351,canada | canadian
293,para,INNOVATION,0.0451,15,9,0.004918,0.006849,1.393,para
265,abuse,GOVERNANCE,0.1315,16,1,0.0049,0.006782,1.384,abuse
569,statements,GOVERNANCE,0.031,9,1,0.005422,0.006775,1.25,statements
338,absence,UNASSIGNED,0.0139,13,5,0.004423,0.006549,1.481,absence
111,engagement,TALENT,0.0332,31,4,0.005145,0.006524,1.268,engagement
413,brazilian,INNOVATION,0.0336,14,7,0.004918,0.006396,1.301,brazilian | brazil
393,interdisciplinary,INNOVATION,0.0337,12,4,0.005321,0.006392,1.201,interdisciplinary
305,artificial intelligence,INNOVATION,0.2315,14,4,0.00258,0.006216,2.409,artificial intelligence
224,meaningful,UNASSIGNED,0.0199,19,2,0.005236,0.006215,1.187,meaningful
189,makers,INNOVATION,0.0475,21,7,0.005321,0.006213,1.168,makers
47,values,GOVERNANCE,0.0384,47,2,0.00464,0.006207,1.338,values
28,athlete development,TALENT,0.3035,89,3,0.003021,0.006157,2.038,athlete development | sport development
800,flexibility,TALENT,0.0264,11,5,0.004818,0.006067,1.259,flexibility | flexible
211,delivery,INNOVATION,0.0227,19,1,0.004838,0.006031,1.247,delivery
208,core,UNASSIGNED,0.0025,19,5,0.004333,0.005951,1.373,core
69,competitions,UNASSIGNED,0.0035,40,2,0.004604,0.005888,1.279,competitions
635,soviet,GOVERNANCE,0.0498,8,0,0.003884,0.005848,1.506,soviet
207,contemporary,UNASSIGNED,0.003,19,5,0.003611,0.005721,1.584,contemporary
363,persistent,UNASSIGNED,0.0007,13,5,0.004423,0.005681,1.284,persistent
575,algorithm,INNOVATION,0.0215,12,4,0.002338,0.005182,2.216,algorithm
188,league,GOVERNANCE,0.0385,25,2,0.004379,0.005157,1.178,league
530,fields,TALENT,0.0485,9,2,0.004165,0.005145,1.236,fields
547,meso,UNASSIGNED,0.0165,9,8,0.002573,0.005078,1.974,meso
297,progress,UNASSIGNED,0.0038,15,7,0.003069,0.004981,1.623,progress
70,multiple,UNASSIGNED,0.0157,40,1,0.003837,0.00495,1.29,multiple
234,due,GOVERNANCE,0.0216,18,1,0.004275,0.004936,1.155,due
623,operations,UNASSIGNED,0.0155,8,8,0.003882,0.004827,1.244,operations
257,rates,GOVERNANCE,0.0829,17,1,0.003649,0.004819,1.321,rates
276,specialization,UNASSIGNED,0.0132,16,3,0.003656,0.004769,1.304,specialization
481,injury prevention,UNASSIGNED,0.013,10,4,0.003566,0.004731,1.327,injury prevention
148,institutions,GOVERNANCE,0.059,26,7,0.003441,0.00473,1.375,institutions
521,costs,GOVERNANCE,0.1004,9,3,0.004066,0.004694,1.154,costs
508,tests,INNOVATION,0.0353,16,1,0.003548,0.004647,1.31,tests | testing
96,funding,GOVERNANCE,0.2214,36,5,0.002815,0.00452,1.605,funding | financing
131,managers,UNASSIGNED,0.013,32,7,0.003611,0.00451,1.249,managers | managerial
161,decisions,UNASSIGNED,0.0055,24,4,0.003205,0.004219,1.317,decisions
597,elite performance,UNASSIGNED,0.0167,8,5,0.003295,0.004204,1.276,elite performance
499,respective,TALENT,0.0241,10,9,0.003266,0.004195,1.284,respective
642,tokyo,UNASSIGNED,0.009,8,0,0.003566,0.004024,1.128,tokyo
425,host,UNASSIGNED,0.0144,11,0,0.003656,0.004002,1.095,host
714,regime,GOVERNANCE,0.0249,10,0,0.003024,0.003869,1.28,regime
373,al,UNASSIGNED,0.0003,12,0,0.003385,0.003827,1.131,al
282,consistent,GOVERNANCE,0.0622,15,5,0.003232,0.003692,1.142,consistent
502,soccer,INNOVATION,0.0997,10,2,0.002983,0.00364,1.22,soccer
522,creative,UNASSIGNED,0.0009,9,1,0.003295,0.003621,1.099,creative
186,dual,UNASSIGNED,0.0073,21,7,0.002663,0.003587,1.347,dual
125,primary,GOVERNANCE,0.1278,30,3,0.002919,0.003417,1.17,primary
274,responsible,UNASSIGNED,0.0116,16,3,0.002798,0.003381,1.208,responsible
325,planning,TALENT,0.0404,14,1,0.002695,0.003281,1.217,planning
238,infrastructure,UNASSIGNED,0.0098,18,5,0.002302,0.003248,1.411,infrastructure
479,influential,TALENT,0.049,10,5,0.002858,0.003206,1.122,influential
420,extensive,UNASSIGNED,0.0089,11,5,0.002798,0.003188,1.139,extensive
453,transformative,UNASSIGNED,0.0088,11,9,0.002708,0.003075,1.135,transformative
356,integrated,UNASSIGNED,0.0183,13,8,0.002257,0.002975,1.318,integrated
61,china,UNASSIGNED,0.0144,57,0,0.002031,0.002905,1.43,china | chinese
378,attitudes,TALENT,0.0639,12,2,0.002531,0.002839,1.122,attitudes
639,stories,UNASSIGNED,0.0016,8,6,0.002573,0.002836,1.102,stories
580,champions,TALENT,0.0599,8,0,0.002531,0.002808,1.109,champions
469,difficulties,UNASSIGNED,0.0069,10,2,0.002437,0.002743,1.125,difficulties
517,championships,UNASSIGNED,0.0151,13,2,0.002392,0.002724,1.139,championships
601,fit,TALENT,0.065,8,7,0.002368,0.002719,1.148,fit
262,substantial,UNASSIGNED,0.0001,17,3,0.002076,0.002596,1.25,substantial
614,journal,UNASSIGNED,0.001,8,3,0.002257,0.002569,1.138,journal
273,phase,TALENT,0.022,22,5,0.002041,0.002544,1.246,phase | phases
374,allocation,UNASSIGNED,0.0143,12,7,0.002076,0.002369,1.141,allocation
214,disability,UNASSIGNED,0.0025,25,9,0.00167,0.002302,1.378,disability | disabled
582,coach development,TALENT,0.1606,8,3,0.001715,0.00224,1.306,coach development
232,consequences,GOVERNANCE,0.0668,18,0,0.001668,0.002223,1.333,consequences
169,elements,GOVERNANCE,0.136,28,8,0.001772,0.002205,1.244,elements
409,tennis,INNOVATION,0.0797,12,2,0.001774,0.002186,1.232,tennis
637,sports training,TALENT,0.2074,15,4,0.001797,0.002176,1.211,sports training
350,exclusion,GOVERNANCE,0.0645,13,2,0.001668,0.002082,1.248,exclusion
271,norms,GOVERNANCE,0.0272,16,2,0.001564,0.002044,1.307,norms
359,interpersonal,UNASSIGNED,0.0088,13,1,0.00149,0.002002,1.344,interpersonal
633,scenarios,UNASSIGNED,0.0117,10,4,0.00167,0.001916,1.147,scenarios
506,swimming,UNASSIGNED,0.0032,10,6,0.001444,0.00186,1.288,swimming
243,alternative,UNASSIGNED,0.0128,17,2,0.001399,0.001844,1.318,alternative
156,questions,UNASSIGNED,0.0119,25,2,0.001625,0.001842,1.134,questions
383,conflict,GOVERNANCE,0.0507,17,3,0.00146,0.001745,1.196,conflict
470,distribution,UNASSIGNED,0.0165,10,2,0.001309,0.001728,1.32,distribution
377,assistance,TALENT,0.0955,12,6,0.001307,0.001717,1.314,assistance
279,accuracy,UNASSIGNED,0.0166,18,4,0.001174,0.001704,1.452,accuracy | accurate
316,improvement,TALENT,0.025,14,9,0.001307,0.001688,1.292,improvement
440,robust,GOVERNANCE,0.0332,11,3,0.00146,0.001643,1.126,robust
548,motor,INNOVATION,0.0372,9,1,0.001371,0.001624,1.185,motor
560,relational,TALENT,0.06,9,6,0.001388,0.001617,1.165,relational
124,multi,GOVERNANCE,0.0207,30,5,0.001251,0.001607,1.284,multi
406,rules,GOVERNANCE,0.0758,12,6,0.001355,0.001566,1.155,rules
640,structural equation,UNASSIGNED,0.0178,8,1,0.000993,0.001542,1.553,structural equation | structural equation modeling
204,sport management,GOVERNANCE,0.1558,27,7,0.001147,0.001528,1.332,sport management
466,correlation,TALENT,0.0311,10,2,0.001307,0.001518,1.162,correlation
94,changes,TALENT,0.1891,34,2,0.001307,0.001488,1.139,changes
572,visibility,UNASSIGNED,0.0007,9,1,0.001264,0.001405,1.112,visibility
689,lifelong,TALENT,0.0524,13,1,0.00098,0.001368,1.396,lifelong | lifetime
658,collegiate athletic,TALENT,0.0594,12,6,0.000735,0.001283,1.745,collegiate athletic | collegiate sport
780,connection,UNASSIGNED,0.0101,11,6,0.001083,0.001262,1.165,connection
317,independent,GOVERNANCE,0.0446,14,5,0.001043,0.001252,1.201,independent
424,hockey,UNASSIGNED,0.0074,11,2,0.001083,0.001229,1.134,hockey
551,peer,TALENT,0.0605,9,4,0.00098,0.001182,1.206,peer
484,japan,INNOVATION,0.0337,10,7,0.000968,0.001161,1.2,japan | japanese
369,strength,TALENT,0.0575,19,6,0.000898,0.001152,1.282,strength
445,stability,GOVERNANCE,0.0908,11,5,0.000834,0.000935,1.121,stability
331,secondary,UNASSIGNED,0.0039,14,7,0.000767,0.000915,1.193,secondary
197,highest,UNASSIGNED,0.0117,20,1,0.000722,0.000907,1.256,highest
301,students,TALENT,0.0286,15,7,0.000653,0.000897,1.372,students
434,prior,UNASSIGNED,0.019,11,2,0.000767,0.00089,1.16,prior
146,university,GOVERNANCE,0.0291,38,7,0.000626,0.000833,1.332,university
387,discrimination,UNASSIGNED,0.0016,12,2,0.000587,0.000833,1.419,discrimination
576,athlete relationship,TALENT,0.1559,8,1,0.000653,0.00078,1.195,athlete relationship
177,dimensions,TALENT,0.0529,26,7,0.000653,0.000777,1.189,dimensions
294,path,TALENT,0.2192,20,0,0.000653,0.000771,1.181,path
360,micro,UNASSIGNED,0.0196,13,8,0.000361,0.000754,2.089,micro
182,sector,INNOVATION,0.0722,28,5,0.000484,0.000735,1.519,sector
595,disorders,TALENT,0.0519,8,1,0.000572,0.000723,1.264,disorders
564,smart,INNOVATION,0.0558,9,4,0.000323,0.000694,2.152,smart
456,union,GOVERNANCE,0.0239,11,0,0.000417,0.000657,1.576,union
501,scholarly,UNASSIGNED,0.0003,10,2,0.000542,0.000631,1.165,scholarly
300,societal,GOVERNANCE,0.0799,15,3,0.000521,0.000622,1.192,societal
326,policymakers,GOVERNANCE,0.0283,14,5,0.000417,0.000603,1.446,policymakers
493,presence,UNASSIGNED,0.0145,10,0,0.000451,0.000582,1.29,presence
645,vulnerability,UNASSIGNED,0.0086,8,1,0.000451,0.000514,1.14,vulnerability
165,risks,GOVERNANCE,0.1379,24,1,0.000417,0.000484,1.16,risks
314,governmental,UNASSIGNED,0.0171,14,5,0.000361,0.000483,1.337,governmental
607,gdr,GOVERNANCE,0.0415,8,0,0.000313,0.000448,1.432,gdr
306,beliefs,UNASSIGNED,0.0113,14,2,0.000271,0.00031,1.145,beliefs
464,co,UNASSIGNED,0.018,10,4,0.000226,0.000273,1.208,co
495,protocols,UNASSIGNED,0.0052,13,4,4.5e-05,5.7e-05,1.253,protocols
553,philosophy,UNASSIGNED,0.0175,9,6,0.0,0.0,0.0,philosophy
446,stronger,TALENT,0.0428,11,5,0.0,0.0,0.0,stronger
454,transparency,UNASSIGNED,0.0145,11,4,0.0,0.0,0.0,transparency
620,metrics,INNOVATION,0.1993,8,4,0.0,0.0,0.0,metrics
611,inductive,UNASSIGNED,0.0033,8,9,0.0,0.0,0.0,inductive
35,importance,GOVERNANCE,0.0452,52,1,0.0,0.0,0.0,importance
705,portuguese,INNOVATION,0.0468,8,5,0.0,0.0,0.0,portuguese | portugal
23,events,UNASSIGNED,0.0144,59,0,0.0,0.0,0.0,events
570,summary,UNASSIGNED,0.0046,9,1,0.0,0.0,0.0,summary
535,inequities,INNOVATION,0.026,9,2,0.0,0.0,0.0,inequities
98,efforts,TALENT,0.1001,33,5,0.0,0.0,0.0,efforts
85,german,INNOVATION,0.0284,37,0,0.0,0.0,0.0,german
538,investments,INNOVATION,0.0609,9,3,0.0,0.0,0.0,investments
368,resilience,INNOVATION,0.0311,13,1,0.0,0.0,0.0,resilience
772,clusters,INNOVATION,0.1261,8,1,0.0,0.0,0.0,clusters
452,thinking,INNOVATION,0.1016,11,3,0.0,0.0,0.0,thinking
302,wider,INNOVATION,0.0301,15,3,0.0,0.0,0.0,wider
646,vulnerable,UNASSIGNED,0.0173,8,6,0.0,0.0,0.0,vulnerable
472,emergence,INNOVATION,0.0777,10,0,0.0,0.0,0.0,emergence
333,team sports,INNOVATION,0.075,14,2,0.0,0.0,0.0,team sports
364,professionalization,TALENT,0.0326,13,3,0.0,0.0,0.0,professionalization
480,inherent,INNOVATION,0.0619,10,6,0.0,0.0,0.0,inherent
202,prevention,GOVERNANCE,0.138,20,4,0.0,0.0,0.0,prevention
588,continuity,TALENT,0.0231,8,5,0.0,0.0,0.0,continuity
617,leisure,INNOVATION,0.108,8,3,0.0,0.0,0.0,leisure
375,analytical,INNOVATION,0.1312,12,2,0.0,0.0,0.0,analytical
557,reasons,UNASSIGNED,0.0133,9,1,0.0,0.0,0.0,reasons
594,discussions,TALENT,0.0339,8,3,0.0,0.0,0.0,discussions
399,orientation,UNASSIGNED,0.0153,12,6,0.0,0.0,0.0,orientation
610,ideas,INNOVATION,0.0375,8,1,0.0,0.0,0.0,ideas
516,bias,INNOVATION,0.0319,9,4,0.0,0.0,0.0,bias
598,equal,GOVERNANCE,0.0277,8,2,0.0,0.0,0.0,equal
372,variety,INNOVATION,0.0351,13,6,0.0,0.0,0.0,variety
558,reference,UNASSIGNED,0.008,9,0,0.0,0.0,0.0,reference
760,benchmark,INNOVATION,0.0605,10,2,0.0,0.0,0.0,benchmark | benchmarking
496,provision,UNASSIGNED,0.0132,10,1,0.0,0.0,0.0,provision
155,promotion,UNASSIGNED,0.0171,25,0,0.0,0.0,0.0,promotion
315,guidance,TALENT,0.1878,14,3,0.0,0.0,0.0,guidance
190,previous,TALENT,0.0244,21,0,0.0,0.0,0.0,previous
483,instruments,INNOVATION,0.1209,10,5,0.0,0.0,0.0,instruments
1022,target,UNASSIGNED,0.0115,9,0,0.0,0.0,0.0,target
579,causal,GOVERNANCE,0.044,8,4,0.0,0.0,0.0,causal
198,initiatives,INNOVATION,0.0325,20,5,0.0,0.0,0.0,initiatives
254,methodological,UNASSIGNED,0.0063,17,2,0.0,0.0,0.0,methodological
474,equality,UNASSIGNED,0.0056,10,2,0.0,0.0,0.0,equality
203,solutions,INNOVATION,0.0603,20,4,0.0,0.0,0.0,solutions
490,pillars,UNASSIGNED,0.0043,10,0,0.0,0.0,0.0,pillars
619,meta,INNOVATION,0.0934,8,0,0.0,0.0,0.0,meta
475,examination,TALENT,0.0511,10,6,0.0,0.0,0.0,examination
114,networks,GOVERNANCE,0.0289,31,5,0.0,0.0,0.0,networks
223,lens,INNOVATION,0.0543,19,6,0.0,0.0,0.0,lens
621,mobility,UNASSIGNED,0.0058,8,4,0.0,0.0,0.0,mobility
529,families,UNASSIGNED,0.0001,9,3,0.0,0.0,0.0,families
590,cycling,GOVERNANCE,0.0577,8,6,0.0,0.0,0.0,cycling
430,national team,GOVERNANCE,0.1567,11,2,0.0,0.0,0.0,national team
603,formats,INNOVATION,0.0704,11,5,0.0,0.0,0.0,formats
386,convergence,INNOVATION,0.0687,12,0,0.0,0.0,0.0,convergence
465,continuous,INNOVATION,0.0205,10,0,0.0,0.0,0.0,continuous
291,macro,UNASSIGNED,0.0097,15,8,0.0,0.0,0.0,macro
562,scope,GOVERNANCE,0.0823,9,5,0.0,0.0,0.0,scope
643,tracking,INNOVATION,0.217,8,4,0.0,0.0,0.0,tracking
329,responses,GOVERNANCE,0.0321,14,0,0.0,0.0,0.0,responses
341,advanced,INNOVATION,0.0441,13,4,0.0,0.0,0.0,advanced
461,arena,INNOVATION,0.0414,10,5,0.0,0.0,0.0,arena
467,cup,GOVERNANCE,0.065,10,0,0.0,0.0,0.0,cup
431,numerous,INNOVATION,0.034,11,2,0.0,0.0,0.0,numerous
225,members,GOVERNANCE,0.0659,19,6,0.0,0.0,0.0,members
311,establishment,INNOVATION,0.0937,14,0,0.0,0.0,0.0,establishment
340,administrators,GOVERNANCE,0.1243,13,3,0.0,0.0,0.0,administrators
494,pressures,GOVERNANCE,0.08,10,1,0.0,0.0,0.0,pressures
540,items,INNOVATION,0.0497,9,7,0.0,0.0,0.0,items
845,reactions,TALENT,0.0255,9,4,0.0,0.0,0.0,reactions
563,similarities,TALENT,0.0625,9,0,0.0,0.0,0.0,similarities
455,typical,UNASSIGNED,0.0155,11,5,0.0,0.0,0.0,typical
346,directions,TALENT,0.1341,13,7,0.0,0.0,0.0,directions
195,autonomy,GOVERNANCE,0.041,20,1,0.0,0.0,0.0,autonomy
385,contrast,UNASSIGNED,0.0108,12,0,0.0,0.0,0.0,contrast
451,theories,UNASSIGNED,0.0198,11,3,0.0,0.0,0.0,theories
527,drivers,INNOVATION,0.0343,9,0,0.0,0.0,0.0,drivers
478,inadequate,TALENT,0.0492,10,1,0.0,0.0,0.0,inadequate
448,symptoms,TALENT,0.037,11,1,0.0,0.0,0.0,symptoms
584,competence,TALENT,0.0541,8,2,0.0,0.0,0.0,competence
327,positions,TALENT,0.1507,14,2,0.0,0.0,0.0,positions
447,subsequent,TALENT,0.0623,11,3,0.0,0.0,0.0,subsequent
449,technical,INNOVATION,0.0675,11,1,0.0,0.0,0.0,technical
486,maltreatment,UNASSIGNED,0.0068,10,2,0.0,0.0,0.0,maltreatment
599,expertise,TALENT,0.0239,8,6,0.0,0.0,0.0,expertise
249,exploratory,INNOVATION,0.0543,17,7,0.0,0.0,0.0,exploratory
318,justice,GOVERNANCE,0.078,14,2,0.0,0.0,0.0,justice
321,nuanced,INNOVATION,0.0256,14,8,0.0,0.0,0.0,nuanced
433,platform,INNOVATION,0.034,11,4,0.0,0.0,0.0,platform
159,conceptual,INNOVATION,0.0256,24,0,0.0,0.0,0.0,conceptual
398,normative,UNASSIGNED,0.002,12,3,0.0,0.0,0.0,normative
335,trust,GOVERNANCE,0.1124,14,6,0.0,0.0,0.0,trust
226,physical activity,TALENT,0.136,19,5,0.0,0.0,0.0,physical activity
236,excellence,UNASSIGNED,0.0096,18,7,0.0,0.0,0.0,excellence
511,actions,UNASSIGNED,0.0077,9,2,0.0,0.0,0.0,actions
609,ideal,GOVERNANCE,0.0859,14,2,0.0,0.0,0.0,ideal
343,competitive sports,INNOVATION,0.0802,18,0,0.0,0.0,0.0,competitive sports
578,behavioral,INNOVATION,0.0859,13,2,0.0,0.0,0.0,behavioral
396,means,INNOVATION,0.0496,12,2,0.0,0.0,0.0,means
266,american,TALENT,0.027,16,0,0.0,0.0,0.0,american
498,resistance,GOVERNANCE,0.0687,10,1,0.0,0.0,0.0,resistance
615,judo,INNOVATION,0.0709,8,0,0.0,0.0,0.0,judo
604,france,UNASSIGNED,0.0123,8,0,0.0,0.0,0.0,france
322,pandemic,INNOVATION,0.0667,14,9,0.0,0.0,0.0,pandemic
531,french,INNOVATION,0.0318,9,0,0.0,0.0,0.0,french
284,disciplines,UNASSIGNED,0.014,22,0,0.0,0.0,0.0,disciplines
487,migration,TALENT,0.1834,10,0,0.0,0.0,0.0,migration
543,lessons,TALENT,0.2538,9,5,0.0,0.0,0.0,lessons
221,intelligence,TALENT,0.0286,19,4,0.0,0.0,0.0,intelligence
723,sponsorship,INNOVATION,0.0661,11,2,0.0,0.0,0.0,sponsorship | sponsors
524,dependent,UNASSIGNED,0.0113,9,5,0.0,0.0,0.0,dependent
239,narratives,INNOVATION,0.023,28,6,0.0,0.0,0.0,narratives | narrative
379,burnout,INNOVATION,0.0214,12,3,0.0,0.0,0.0,burnout
519,cooperation,GOVERNANCE,0.1415,9,3,0.0,0.0,0.0,cooperation
606,function,UNASSIGNED,0.0155,8,1,0.0,0.0,0.0,function
163,organisational,GOVERNANCE,0.0285,24,1,0.0,0.0,0.0,organisational
272,ongoing,UNASSIGNED,0.0071,16,6,0.0,0.0,0.0,ongoing
589,conventional,INNOVATION,0.0836,8,4,0.0,0.0,0.0,conventional
878,volunteers,TALENT,0.0538,8,3,0.0,0.0,0.0,volunteers
400,points,INNOVATION,0.0354,12,3,0.0,0.0,0.0,points
552,phenomenon,UNASSIGNED,0.0117,9,0,0.0,0.0,0.0,phenomenon
367,relevance,UNASSIGNED,0.0066,13,1,0.0,0.0,0.0,relevance
247,decades,UNASSIGNED,0.0023,17,0,0.0,0.0,0.0,decades
334,transformation,UNASSIGNED,0.0177,14,4,0.0,0.0,0.0,transformation
573,wellbeing,TALENT,0.0201,9,1,0.0,0.0,0.0,wellbeing
536,intense,TALENT,0.0899,9,0,0.0,0.0,0.0,intense
394,interpretation,UNASSIGNED,0.0183,12,3,0.0,0.0,0.0,interpretation
407,scholars,TALENT,0.0219,17,3,0.0,0.0,0.0,scholars
541,larger,INNOVATION,0.0394,9,0,0.0,0.0,0.0,larger
439,respondents,TALENT,0.099,11,5,0.0,0.0,0.0,respondents
587,consensus,GOVERNANCE,0.0782,8,1,0.0,0.0,0.0,consensus
871,usa,GOVERNANCE,0.0898,11,0,0.0,0.0,0.0,usa | america
264,valuable,INNOVATION,0.0444,17,5,0.0,0.0,0.0,valuable
419,elite sports systems,GOVERNANCE,0.1888,11,3,0.0,0.0,0.0,elite sports systems
510,accounts,UNASSIGNED,0.0089,9,6,0.0,0.0,0.0,accounts
720,sensors,INNOVATION,0.3345,10,4,0.0,0.0,0.0,sensors
867,tradition,UNASSIGNED,0.0084,10,0,0.0,0.0,0.0,tradition
286,fundamental,TALENT,0.034,15,9,0.0,0.0,0.0,fundamental
491,pre,TALENT,0.0443,10,6,0.0,0.0,0.0,pre
520,corruption,GOVERNANCE,0.0877,9,5,0.0,0.0,0.0,corruption
435,provincial,GOVERNANCE,0.0224,11,5,0.0,0.0,0.0,provincial
616,latter,INNOVATION,0.0374,8,2,0.0,0.0,0.0,latter
634,shift,TALENT,0.1074,13,9,0.0,0.0,0.0,shift
270,medicine,GOVERNANCE,0.0552,16,4,0.0,0.0,0.0,medicine
303,adaptation,UNASSIGNED,0.0036,18,1,0.0,0.0,0.0,adaptation
437,recruitment,TALENT,0.1171,11,3,0.0,0.0,0.0,recruitment
443,significance,TALENT,0.0296,11,1,0.0,0.0,0.0,significance
549,multidimensional,INNOVATION,0.0433,9,4,0.0,0.0,0.0,multidimensional
380,cognitive,INNOVATION,0.0355,12,4,0.0,0.0,0.0,cognitive
596,division,GOVERNANCE,0.0478,8,6,0.0,0.0,0.0,division
626,promising,UNASSIGNED,0.0143,8,4,0.0,0.0,0.0,promising
133,problems,GOVERNANCE,0.0233,29,9,0.0,0.0,0.0,problems
585,compliance,GOVERNANCE,0.0385,8,6,0.0,0.0,0.0,compliance
330,scholarship,UNASSIGNED,0.0037,14,5,0.0,0.0,0.0,scholarship
404,requirements,GOVERNANCE,0.0526,12,4,0.0,0.0,0.0,requirements
416,developments,INNOVATION,0.0353,11,2,0.0,0.0,0.0,developments
602,forces,UNASSIGNED,0.0145,8,6,0.0,0.0,0.0,forces
826,output,INNOVATION,0.03,10,4,0.0,0.0,0.0,output
473,empowerment,TALENT,0.0548,10,6,0.0,0.0,0.0,empowerment
390,formal,GOVERNANCE,0.0447,12,7,0.0,0.0,0.0,formal
220,foundation,GOVERNANCE,0.089,19,3,0.0,0.0,0.0,foundation
289,internal,GOVERNANCE,0.0207,15,1,0.0,0.0,0.0,internal
245,complexity,INNOVATION,0.0408,17,3,0.0,0.0,0.0,complexity
457,acceptance,TALENT,0.0324,10,5,0.0,0.0,0.0,acceptance
561,responsibilities,GOVERNANCE,0.0423,9,1,0.0,0.0,0.0,responsibilities
644,urgent,TALENT,0.0651,8,2,0.0,0.0,0.0,urgent
426,ii,UNASSIGNED,0.0101,11,6,0.0,0.0,0.0,ii
442,sensitive,INNOVATION,0.0229,11,1,0.0,0.0,0.0,sensitive
497,regard,INNOVATION,0.0412,10,2,0.0,0.0,0.0,regard
358,intensity,TALENT,0.0347,13,4,0.0,0.0,0.0,intensity
489,persons,TALENT,0.0845,10,9,0.0,0.0,0.0,persons
539,isolation,UNASSIGNED,0.0132,9,1,0.0,0.0,0.0,isolation
357,intelligent,INNOVATION,0.0255,13,4,0.0,0.0,0.0,intelligent
381,combination,UNASSIGNED,0.0082,12,4,0.0,0.0,0.0,combination
503,sociological,INNOVATION,0.0236,16,3,0.0,0.0,0.0,sociological | sociology
574,willingness,UNASSIGNED,0.0029,9,0,0.0,0.0,0.0,willingness
428,interests,INNOVATION,0.0281,11,0,0.0,0.0,0.0,interests
237,features,INNOVATION,0.0494,18,4,0.0,0.0,0.0,features
241,overview,TALENT,0.0346,18,5,0.0,0.0,0.0,overview
275,similar,UNASSIGNED,0.0134,23,1,0.0,0.0,0.0,similar | related
627,prospects,TALENT,0.0277,8,7,0.0,0.0,0.0,prospects
290,lives,INNOVATION,0.0288,15,1,0.0,0.0,0.0,lives
307,collective,UNASSIGNED,0.0051,14,2,0.0,0.0,0.0,collective
312,europe,INNOVATION,0.0231,14,0,0.0,0.0,0.0,europe
319,limitations,GOVERNANCE,0.0356,14,3,0.0,0.0,0.0,limitations
523,definition,UNASSIGNED,0.0014,9,1,0.0,0.0,0.0,definition
532,governing,GOVERNANCE,0.1141,9,5,0.0,0.0,0.0,governing
556,re,INNOVATION,0.0842,9,0,0.0,0.0,0.0,re
567,sports events,INNOVATION,0.0728,9,0,0.0,0.0,0.0,sports events
568,stable,GOVERNANCE,0.0235,9,5,0.0,0.0,0.0,stable
577,avenues,TALENT,0.0894,8,6,0.0,0.0,0.0,avenues
581,classification,TALENT,0.0312,8,3,0.0,0.0,0.0,classification
592,disability sport,INNOVATION,0.0332,8,9,0.0,0.0,0.0,disability sport
600,females,UNASSIGNED,0.005,8,1,0.0,0.0,0.0,females
605,frequency,INNOVATION,0.0653,8,4,0.0,0.0,0.0,frequency
608,governing bodies,GOVERNANCE,0.0742,8,5,0.0,0.0,0.0,governing bodies
622,movements,GOVERNANCE,0.0464,8,6,0.0,0.0,0.0,movements
629,qualities,TALENT,0.0547,8,2,0.0,0.0,0.0,qualities
631,republic,GOVERNANCE,0.0365,8,0,0.0,0.0,0.0,republic
632,retrospective,TALENT,0.029,8,1,0.0,0.0,0.0,retrospective
636,spirit,UNASSIGNED,0.0059,8,2,0.0,0.0,0.0,spirit
641,surveillance,INNOVATION,0.1821,8,2,0.0,0.0,0.0,surveillance
781,construct,UNASSIGNED,0.0013,10,2,0.0,0.0,0.0,construct
