family,mean_year,n,share_since_2021
willingness,2016.6,5,0.2
qualities,2016.833,6,0.1667
specialist,2017.0,5,0.0
struggle,2017.0,8,0.25
officials,2017.333,6,0.3333
modern elite,2017.6,5,0.2
unclear,2017.6,5,0.4
hours,2017.667,6,0.1667
national olympic,2017.714,7,0.2857
pillars,2017.857,7,0.2857
points,2017.889,9,0.2222
projects,2018.0,6,0.1667
composite,2018.2,5,0.2
host,2018.273,11,0.3636
independent,2018.286,7,0.4286
junior,2018.286,7,0.2857
adolescent,2018.333,9,0.3333
retrospective,2018.4,5,0.4
personality,2018.5,6,0.3333
means,2018.5,12,0.1667
emergence,2018.556,9,0.4444
england,2018.6,5,0.4
qualified,2018.6,5,0.2
specifics,2018.6,5,0.2
national team,2018.625,8,0.5
commission,2018.667,6,0.3333
institute,2018.667,12,0.4167
intellectual,2018.667,6,0.3333
formation,2018.667,6,0.3333
re,2018.667,6,0.5
path,2018.769,13,0.3846
amateur,2018.769,13,0.3077
phenomena,2018.8,5,0.4
skiing,2018.833,6,0.5
fields,2018.833,6,0.1667
reasons,2018.833,6,0.5
cycling,2019.0,7,0.2857
ministry,2019.0,7,0.4286
legitimacy,2019.0,5,0.4
finland,2019.0,6,0.5
advocacy,2019.0,5,0.4
functioning,2019.0,5,0.4
narrow,2019.0,5,0.4
determinants,2019.067,15,0.4
national elite,2019.1,10,0.4
makers,2019.125,16,0.375
beijing,2019.143,7,0.4286
sport policy,2019.156,45,0.4222
questions,2019.158,19,0.3684
comparative,2019.188,16,0.4375
communication,2019.19,21,0.3333
latter,2019.2,5,0.4
discrimination,2019.222,9,0.5556
fundamental,2019.273,11,0.4545
progress,2019.308,13,0.3077
acceptance,2019.333,6,0.3333
league,2019.333,18,0.5
governmental,2019.364,11,0.2727
corruption,2019.375,8,0.375
entrepreneurial,2019.375,8,0.375
technical,2019.4,5,0.6
squad,2019.4,5,0.4
ideological,2019.4,5,0.4
fitness,2019.417,12,0.5
documents,2019.417,12,0.3333
committee,2019.429,28,0.4286
similarities,2019.429,7,0.5714
weak,2019.429,7,0.5714
de,2019.438,16,0.5
difficulties,2019.444,9,0.4444
aspects,2019.465,43,0.4186
problems,2019.478,23,0.4348
elite sports systems,2019.5,6,0.5
assessments,2019.5,6,0.5
governments,2019.545,11,0.2727
games,2019.556,63,0.4286
arena,2019.556,9,0.4444
characteristics,2019.594,32,0.5312
stable,2019.6,5,0.6
evident,2019.6,5,0.2
lifestyle,2019.6,5,0.6
provincial,2019.625,8,0.375
governing,2019.625,8,0.625
members,2019.643,14,0.5
behavioral,2019.667,9,0.4444
construct,2019.667,9,0.4444
agendas,2019.667,6,0.5
talent identification,2019.682,22,0.4545
marketing,2019.714,7,0.5714
sport sector,2019.727,11,0.4545
commercialisation,2019.727,11,0.4545
differences,2019.73,37,0.5405
olympic committee,2019.75,20,0.5
convergence,2019.75,8,0.5
wider,2019.75,12,0.5
prospects,2019.75,8,0.375
national sport,2019.765,34,0.3824
phase,2019.778,18,0.5
relative,2019.786,14,0.5714
men,2019.8,20,0.45
un,2019.8,5,0.6
apparent,2019.8,5,0.6
reports,2019.8,10,0.4
risky,2019.8,5,0.6
french,2019.8,5,0.6
university sport,2019.8,5,0.4
weekly,2019.8,5,0.6
forms,2019.833,12,0.5
identification,2019.844,32,0.5
complexity,2019.846,13,0.6154
countries,2019.857,63,0.4762
crisis,2019.857,14,0.4286
agents,2019.875,8,0.625
interpretation,2019.889,9,0.4444
union,2019.889,9,0.2222
resources,2019.933,45,0.4667
russia,2019.952,21,0.4286
clinical,2020.0,6,0.6667
avenues,2020.0,8,0.375
indicators,2020.0,7,0.5714
specialization,2020.0,11,0.4545
ones,2020.0,5,0.4
career transition,2020.0,9,0.4444
integral,2020.0,8,0.5
function,2020.0,7,0.4286
drivers,2020.0,5,0.4
respondents,2020.0,10,0.5
originality,2020.0,5,0.2
agencies,2020.0,5,0.6
empowerment,2020.0,7,0.5714
bureaucratic,2020.0,5,0.6
publications,2020.0,5,0.4
trends,2020.038,26,0.4231
selection,2020.056,18,0.6111
norwegian,2020.056,18,0.5556
para,2020.083,12,0.5833
europe,2020.091,11,0.5455
germany,2020.105,19,0.5263
handball,2020.111,9,0.4444
consumption,2020.111,9,0.5556
priority,2020.125,16,0.5
football,2020.125,24,0.5833
consequences,2020.125,16,0.625
phenomenon,2020.143,7,0.5714
beliefs,2020.143,14,0.5
disability sport,2020.143,7,0.4286
accounts,2020.143,7,0.2857
historical,2020.16,25,0.48
american,2020.167,12,0.5
vision,2020.167,6,0.5
administrative,2020.167,6,0.5
larger,2020.167,6,0.3333
facilities,2020.182,22,0.5455
medals,2020.184,38,0.5
relation,2020.189,37,0.5135
cross,2020.2,25,0.52
facilitate,2020.2,5,0.4
initiatives,2020.2,15,0.4667
protection,2020.2,5,0.6
soviet,2020.2,5,0.4
significance,2020.222,9,0.4444
hockey,2020.222,9,0.5556
nations,2020.25,28,0.5357
improvement,2020.273,11,0.5455
measures,2020.28,25,0.48
responses,2020.286,7,0.4286
funds,2020.286,7,0.5714
achievements,2020.294,17,0.5294
olympic,2020.306,108,0.537
team sports,2020.308,13,0.3846
processes,2020.31,42,0.5714
delivery,2020.312,16,0.625
allocation,2020.333,9,0.4444
decisions,2020.333,15,0.5333
laws,2020.333,6,0.5
bias,2020.333,6,0.5
medium,2020.333,6,0.6667
rationale,2020.333,6,0.3333
centric,2020.333,6,0.5
attitudes,2020.364,11,0.4545
disciplines,2020.375,16,0.5625
exploratory,2020.375,8,0.5
fans,2020.385,13,0.5385
contribution,2020.389,18,0.4444
policies,2020.39,59,0.5424
rehabilitation,2020.4,5,0.6
reform,2020.4,15,0.6
rating,2020.4,10,0.6
team performance,2020.4,5,0.6
internet,2020.4,5,0.6
contracts,2020.4,5,0.6
paralympic,2020.409,22,0.5
elite,2020.418,201,0.5373
issues,2020.426,47,0.4894
ioc,2020.429,7,0.5714
managers,2020.44,25,0.56
events,2020.447,38,0.5
anti,2020.462,13,0.6154
advantage,2020.476,21,0.5238
coach development,2020.5,6,0.5
making,2020.5,12,0.5833
competitive,2020.5,72,0.5139
conceptual,2020.5,14,0.5
methodological,2020.5,14,0.5714
usa,2020.5,8,0.625
track,2020.5,6,0.6667
capabilities,2020.5,14,0.5
trajectories,2020.5,8,0.5
persistent,2020.5,6,0.5
teams,2020.513,39,0.5897
funding,2020.517,29,0.5517
sporting,2020.527,74,0.6081
high performance,2020.538,26,0.5769
athletics,2020.55,20,0.55
assistance,2020.556,9,0.4444
retirement,2020.556,9,0.5556
establishment,2020.571,14,0.6429
directors,2020.571,7,0.5714
respective,2020.571,7,0.5714
governing bodies,2020.571,7,0.7143
canada,2020.583,36,0.5278
changes,2020.593,27,0.5926
interests,2020.6,10,0.5
adequate,2020.6,5,0.4
core,2020.6,10,0.5
trust,2020.6,10,0.5
recruitment,2020.6,5,0.6
competencies,2020.6,5,0.4
older,2020.6,5,0.6
relevant,2020.613,31,0.5161
preparation,2020.625,16,0.5
possibilities,2020.625,16,0.5625
swimming,2020.625,8,0.625
provision,2020.625,8,0.625
definition,2020.625,8,0.625
sport management,2020.632,19,0.5789
alternative,2020.636,11,0.5455
competitions,2020.645,31,0.5484
educational,2020.657,35,0.4857
obstacles,2020.667,6,0.5
responsibilities,2020.667,6,0.5
activity,2020.682,44,0.5682
players,2020.694,36,0.6389
normative,2020.7,10,0.6
benefits,2020.7,20,0.5
championships,2020.7,10,0.4
cooperation,2020.714,7,0.5714
hierarchy,2020.714,7,0.5714
volunteers,2020.714,7,0.5714
talent,2020.729,48,0.6042
athlete development,2020.736,72,0.6111
reference,2020.75,8,0.625
elements,2020.762,21,0.619
leaders,2020.765,17,0.5882
excellence,2020.769,13,0.5385
organizations,2020.776,67,0.5672
categories,2020.778,27,0.6667
scope,2020.778,9,0.6667
multi,2020.789,19,0.6316
partners,2020.8,5,0.8
federations,2020.8,40,0.625
similar,2020.8,15,0.6667
binary,2020.8,5,0.6
stages,2020.818,11,0.6364
responsible,2020.818,11,0.5455
cup,2020.833,6,0.5
disability,2020.833,18,0.5556
playing,2020.833,6,0.5
university,2020.844,32,0.5938
german,2020.846,26,0.6538
sports training,2020.857,14,0.5714
areas,2020.87,23,0.6957
status,2020.871,31,0.5484
professionals,2020.875,8,0.5
international sport,2020.88,25,0.6
consistent,2020.889,9,0.6667
healthy,2020.9,10,0.6
al,2020.9,10,0.7
involvement,2020.9,20,0.65
performances,2020.909,11,0.7273
coaches,2020.91,89,0.5506
china,2020.917,48,0.6458
institutional,2020.92,25,0.56
efficient,2020.933,15,0.5333
domain,2020.933,15,0.5333
implementation,2020.938,32,0.5625
children,2020.941,17,0.5882
transition,2020.969,32,0.5938
outcomes,2020.977,44,0.5909
mass,2021.0,16,0.6875
meso,2021.0,9,0.5556
criteria,2021.0,10,0.7
conflict,2021.0,12,0.5833
due,2021.0,18,0.5556
reflections,2021.0,12,0.5833
pressures,2021.0,5,0.6
psychological,2021.0,33,0.6061
socio,2021.0,22,0.5909
inductive,2021.0,5,0.6
trainers,2021.0,5,0.6
british,2021.0,6,0.6667
podium,2021.0,5,0.6
contextual,2021.0,9,0.7778
champions,2021.0,6,0.5
developments,2021.0,8,0.75
expertise,2021.0,5,0.6
professionalization,2021.0,10,0.5
secondary,2021.0,7,0.5714
causes,2021.0,7,0.5714
organizational,2021.036,28,0.6071
systems,2021.04,174,0.6322
goals,2021.042,24,0.625
previous,2021.05,20,0.65
networks,2021.056,18,0.6667
depth,2021.062,16,0.5625
era,2021.071,14,0.5714
regional,2021.077,13,0.6923
limitations,2021.077,13,0.6154
effectiveness,2021.1,20,0.65
migration,2021.111,9,0.6667
examination,2021.125,8,0.75
global sports,2021.125,8,0.625
target,2021.125,8,0.625
creative,2021.143,7,0.7143
inter,2021.143,7,0.5714
forces,2021.143,7,0.7143
sociocultural,2021.143,7,0.5714
families,2021.143,7,0.5714
global,2021.146,41,0.5854
regulation,2021.15,20,0.65
democratic,2021.154,13,0.6154
mechanisms,2021.16,25,0.72
coronavirus,2021.167,6,0.6667
highlights,2021.167,6,0.6667
benchmark,2021.167,6,0.8333
costs,2021.167,6,0.3333
distinctive,2021.167,6,0.6667
implications,2021.17,47,0.617
higher,2021.171,35,0.6
association,2021.188,32,0.6875
sector,2021.19,21,0.6667
variables,2021.19,21,0.6667
prediction,2021.2,5,0.8
capacity,2021.2,15,0.5333
birth,2021.2,5,0.6
coordination,2021.2,10,0.7
situations,2021.2,5,0.8
fewer,2021.2,5,0.8
populations,2021.2,5,0.6
clubs,2021.214,42,0.619
performance sport,2021.215,65,0.6462
women,2021.235,34,0.6471
youth,2021.236,55,0.6182
planning,2021.25,12,0.6667
analytical,2021.25,8,0.625
advanced,2021.273,11,0.7273
scholars,2021.286,14,0.6429
youth sport,2021.286,35,0.6
following,2021.286,7,0.4286
statistics,2021.286,14,0.5714
recovery,2021.286,7,0.7143
elite sport development,2021.286,7,0.7143
services,2021.3,20,0.7
exclusion,2021.3,10,0.6
scholarship,2021.3,10,0.7
australian,2021.304,23,0.6522
opportunities,2021.308,52,0.6346
themes,2021.31,29,0.6552
risks,2021.312,16,0.625
efforts,2021.321,28,0.6429
multiple,2021.333,27,0.5556
popularity,2021.333,6,0.6667
optimal,2021.333,12,0.5833
africa,2021.333,6,0.6667
topic,2021.333,12,0.5833
spirit,2021.333,6,0.6667
socialist,2021.333,6,0.6667
switzerland,2021.333,9,0.6667
promotion,2021.353,17,0.7059
non,2021.355,31,0.6129
tests,2021.364,11,0.6364
academic,2021.364,33,0.5758
motivation,2021.368,19,0.6842
concept,2021.375,32,0.6875
scores,2021.375,8,0.75
highest,2021.389,18,0.6667
values,2021.395,38,0.6842
socioeconomic,2021.4,5,0.6
united,2021.4,25,0.76
disciplinary,2021.4,5,0.8
continuous,2021.4,5,0.8
expansion,2021.4,5,0.6
biological,2021.4,5,0.6
items,2021.4,5,0.8
discourse,2021.4,10,0.6
disorders,2021.4,5,0.6
transmission,2021.4,5,0.6
adulthood,2021.4,5,0.6
judo,2021.4,5,0.6
actors,2021.44,25,0.68
post,2021.444,27,0.6667
barriers,2021.444,18,0.6111
structural,2021.45,20,0.65
evolution,2021.455,11,0.6364
standards,2021.471,17,0.6471
scientific,2021.471,17,0.6471
positions,2021.5,10,0.7
coaching,2021.5,48,0.6667
autonomy,2021.5,16,0.6875
ii,2021.5,10,0.7
correlation,2021.5,8,0.625
concerns,2021.5,10,0.6
equal,2021.5,6,0.6667
contrast,2021.5,6,0.6667
institutions,2021.526,19,0.6842
participation,2021.538,52,0.6538
parents,2021.538,13,0.6154
appropriate,2021.545,11,0.6364
challenges,2021.547,75,0.7333
distribution,2021.556,9,0.5556
subsequent,2021.556,9,0.6667
formats,2021.556,9,0.6667
athletic,2021.566,53,0.6226
spain,2021.571,7,0.7143
vulnerable,2021.571,7,0.5714
scenarios,2021.571,7,0.7143
japan,2021.571,7,0.7143
intelligent,2021.571,7,0.7143
sensitive,2021.571,7,0.5714
macro,2021.583,12,0.75
perceptions,2021.586,29,0.6552
primary,2021.591,22,0.7273
access,2021.591,22,0.6364
medicine,2021.6,10,0.7
attributes,2021.6,5,0.8
attempts,2021.6,5,0.6
hegemony,2021.6,5,0.6
kinesiology,2021.6,5,0.6
persons,2021.625,8,0.625
logic,2021.625,8,0.75
stress,2021.625,16,0.75
gender,2021.633,30,0.7333
administrators,2021.636,11,0.6364
states,2021.64,25,0.76
framework,2021.641,78,0.6923
lower,2021.643,14,0.7143
component,2021.647,17,0.7059
injury,2021.656,32,0.6562
micro,2021.667,12,0.75
careers,2021.667,27,0.6296
gap,2021.667,24,0.6667
females,2021.667,6,0.5
press,2021.667,6,0.8333
statements,2021.667,9,0.6667
contexts,2021.684,19,0.7368
self,2021.69,29,0.7931
solutions,2021.692,13,0.6923
sectional,2021.7,10,0.7
skills,2021.7,30,0.6333
abuse,2021.7,10,0.7
ability,2021.708,24,0.7083
stakeholders,2021.714,63,0.6984
tradition,2021.714,7,0.8571
philosophy,2021.714,7,0.4286
movements,2021.714,7,0.7143
procedures,2021.714,7,0.5714
covid,2021.733,15,0.8
programs,2021.737,57,0.6842
sport participation,2021.75,20,0.7
typical,2021.75,8,0.625
career development,2021.75,8,0.625
identity,2021.765,17,0.7647
behaviors,2021.765,17,0.7059
developmental,2021.765,17,0.7647
importance,2021.775,40,0.775
orientation,2021.778,9,0.6667
demands,2021.786,14,0.8571
contemporary,2021.786,14,0.7143
requirements,2021.8,10,0.8
prevalence,2021.8,10,0.6
scholarly,2021.8,5,0.6
version,2021.8,5,0.8
uncertainty,2021.8,5,0.8
entities,2021.8,5,0.8
investigation,2021.8,10,0.8
influential,2021.8,5,0.4
italy,2021.8,5,0.6
experts,2021.8,10,0.8
environments,2021.821,28,0.7143
gold medal,2021.833,6,0.8333
schools,2021.833,18,0.7222
mega,2021.833,6,0.5
psychosocial,2021.833,6,0.6667
societal,2021.833,6,0.8333
ongoing,2021.833,12,0.75
classification,2021.833,6,0.6667
journal,2021.833,6,0.6667
sensors,2021.833,6,0.6667
sport governance,2021.833,6,0.8333
lives,2021.846,13,0.7692
operations,2021.857,7,0.7143
broader,2021.857,35,0.7143
intense,2021.857,7,0.5714
tool,2021.862,29,0.7586
structures,2021.87,23,0.7826
application,2021.871,31,0.6452
organisational,2021.882,17,0.7647
equity,2021.889,9,0.6667
cognitive,2021.889,9,0.7778
retention,2021.889,9,0.6667
rules,2021.9,10,0.8
systematic,2021.9,20,0.75
korean,2021.9,10,0.6
descriptive,2021.909,11,0.6364
governance,2021.917,36,0.7778
adaptation,2021.917,12,0.6667
innovation,2021.929,14,0.7143
comprehensive,2021.933,30,0.7
decades,2021.938,16,0.75
landscape,2021.941,17,0.7059
practitioners,2021.947,38,0.7105
psychology,2021.957,23,0.7826
bodies,2021.957,23,0.8261
interventions,2021.971,34,0.7353
gold,2022.0,9,0.7778
france,2022.0,6,0.8333
citizens,2022.0,6,0.6667
narratives,2022.0,17,0.7059
technologies,2022.0,14,0.7143
devices,2022.0,5,0.8
welfare,2022.0,8,0.625
regime,2022.0,6,0.6667
promising,2022.0,5,0.8
valuable,2022.0,12,0.75
intensity,2022.0,8,0.875
experienced,2022.0,6,0.8333
tasks,2022.0,5,0.8
dominant,2022.0,9,0.5556
competitive sports,2022.0,11,0.8182
republic,2022.0,6,0.8333
theories,2022.0,9,0.7778
pyd,2022.0,5,0.6
observations,2022.0,6,0.6667
sponsorship,2022.0,8,0.875
competitiveness,2022.0,12,0.75
distress,2022.0,5,0.8
representatives,2022.0,5,0.6
sports events,2022.0,6,0.8333
tokyo,2022.0,5,0.8
views,2022.0,6,0.6667
settings,2022.042,24,0.7083
learning,2022.042,24,0.6667
experiences,2022.057,53,0.6981
pathways,2022.071,28,0.7857
recognition,2022.071,14,0.7143
considerations,2022.077,13,0.7692
interactions,2022.077,26,0.6923
internal,2022.077,13,0.6923
personnel,2022.083,12,0.8333
strategies,2022.085,71,0.7324
collegiate,2022.091,11,0.7273
partnerships,2022.1,10,0.8
greater,2022.1,20,0.8
directions,2022.1,10,0.8
regard,2022.111,9,0.6667
inherent,2022.111,9,0.7778
match,2022.125,16,0.75
doping,2022.133,15,0.6667
injury prevention,2022.143,7,0.7143
communities,2022.143,7,0.7143
rates,2022.143,14,0.7143
practical,2022.158,38,0.7105
conditions,2022.158,38,0.7632
ncaa,2022.167,6,0.6667
influence,2022.167,42,0.7619
performance sport system,2022.167,12,0.75
flexibility,2022.167,6,0.6667
adaptive,2022.167,6,0.6667
physical activity,2022.182,11,0.7273
pandemic,2022.182,11,0.9091
shift,2022.2,10,0.7
sport psychology,2022.2,15,0.7333
uk sport,2022.2,5,0.8
motor,2022.2,5,0.8
structural equation,2022.2,5,0.8
newspapers,2022.2,5,0.8
teamwork,2022.2,5,0.8
reflective,2022.2,5,0.8
inclusion,2022.207,29,0.7931
students,2022.214,14,0.7857
formal,2022.222,9,0.6667
unique,2022.24,25,0.76
reactions,2022.25,8,0.75
instruments,2022.25,8,0.75
principles,2022.263,19,0.7368
crucial,2022.286,21,0.7619
sources,2022.286,14,0.7857
uk,2022.3,10,0.8
accuracy,2022.308,13,0.8462
foundation,2022.312,16,0.8125
collegiate athletic,2022.333,9,0.7778
competence,2022.333,6,0.6667
models,2022.343,35,0.7429
relationships,2022.344,32,0.75
strength,2022.357,14,0.7857
relevance,2022.364,11,0.9091
soccer,2022.375,8,0.875
equality,2022.375,8,0.875
youth sport system,2022.375,8,0.75
integration,2022.385,26,0.8846
inequities,2022.4,5,0.8
paradigm,2022.4,5,0.8
intrinsic,2022.4,5,0.8
tenets,2022.4,5,0.8
dimensions,2022.4,15,0.8
extensive,2022.4,5,0.8
calls,2022.4,5,0.8
variety,2022.417,12,0.8333
athlete health,2022.417,12,0.75
interdisciplinary,2022.429,7,0.7143
ethical,2022.429,14,0.8571
lens,2022.455,11,0.9091
representation,2022.455,11,0.9091
policymakers,2022.5,10,0.7
limited,2022.5,22,0.7727
reading,2022.5,6,0.8333
integrity,2022.5,8,0.75
insights,2022.524,42,0.8095
prevention,2022.529,17,0.7647
mental,2022.529,34,0.7941
numerous,2022.545,11,0.8182
symptoms,2022.556,9,0.8889
dual,2022.562,16,0.75
lessons,2022.571,7,0.7143
sub,2022.571,7,0.7143
wellbeing,2022.571,7,1.0
meaningful,2022.571,14,0.8571
brazilian,2022.583,12,0.75
weaknesses,2022.6,5,0.6
climate,2022.6,5,0.8
support systems,2022.6,5,0.8
athlete relationship,2022.6,5,0.8
confidence,2022.6,5,0.8
infrastructure,2022.615,13,0.7692
virtual,2022.667,6,0.8333
stronger,2022.667,6,0.6667
actions,2022.667,6,0.8333
peer,2022.667,6,0.8333
basketball,2022.667,15,0.8667
integrated,2022.667,9,0.7778
parameters,2022.667,6,0.8333
regression,2022.667,9,0.6667
investments,2022.667,6,0.8333
guidance,2022.667,9,0.8889
compliance,2022.667,6,0.6667
ecosystem,2022.682,44,0.8409
collaboration,2022.684,19,0.8421
inclusive,2022.688,16,0.6875
holistic,2022.696,23,0.8261
inadequate,2022.714,7,0.8571
ecological,2022.714,14,0.7857
connection,2022.714,7,0.8571
commitment,2022.714,7,0.8571
expectations,2022.722,18,0.9444
thinking,2022.778,9,0.7778
grassroots,2022.778,9,0.8889
co,2022.8,5,0.8
interpersonal,2022.8,10,0.9
norms,2022.8,10,0.8
refugee,2022.8,5,1.0
clusters,2022.8,5,1.0
proportion,2022.8,5,0.8
starting,2022.8,5,0.8
programming,2022.833,12,0.9167
monitoring,2022.833,6,0.8333
artificial intelligence,2022.833,6,0.8333
balanced,2022.833,6,0.8333
scarce,2022.833,6,1.0
frequency,2022.833,6,1.0
platform,2022.833,6,0.8333
resistance,2022.857,7,1.0
distinct,2022.857,14,0.7857
substantial,2022.857,14,0.8571
teachers,2022.857,7,0.8571
profile,2022.867,15,0.8667
leisure,2022.875,8,1.0
ideas,2022.875,8,0.875
feedback,2022.875,8,0.875
dynamics,2022.882,34,0.8529
equipment,2022.889,9,0.7778
systemic,2022.889,27,0.8148
protocols,2022.889,9,0.7778
evaluation,2022.917,24,0.875
overview,2022.929,14,0.9286
athlete performance,2022.944,18,0.8333
mental health,2022.955,22,0.8636
progressive,2023.0,6,1.0
sociological,2023.0,12,0.8333
arts,2023.0,5,0.8
discussions,2023.0,7,0.8571
intelligence,2023.0,11,0.8182
necessity,2023.0,6,0.8333
collective,2023.0,10,0.9
dual career,2023.0,10,0.8
resilience,2023.0,5,0.8
disparities,2023.0,5,0.8
korea,2023.0,14,0.7857
manuscript,2023.0,5,0.8
stereotypes,2023.0,5,0.8
ice,2023.0,5,0.8
multidimensional,2023.0,6,1.0
meta,2023.0,7,0.8571
engagement,2023.067,15,0.8667
interplay,2023.111,9,1.0
sustainable,2023.12,25,0.84
inequality,2023.125,8,0.875
presence,2023.167,6,1.0
dropout,2023.167,6,1.0
justice,2023.2,10,0.8
features,2023.2,15,0.8667
feelings,2023.2,5,1.0
awareness,2023.211,19,0.8421
lifelong,2023.25,8,0.875
robust,2023.286,7,0.8571
summary,2023.286,7,1.0
hierarchical,2023.3,10,0.9
recommendations,2023.316,19,0.8421
school sport,2023.333,9,0.8889
portuguese,2023.333,6,0.8333
constraints,2023.333,9,0.7778
ideal,2023.375,8,1.0
burnout,2023.375,8,0.875
social support,2023.4,10,0.9
isolation,2023.4,5,0.8
analytics,2023.4,5,0.8
interactive,2023.4,5,1.0
anxiety,2023.4,5,1.0
efficacy,2023.429,7,0.8571
prior,2023.444,9,0.8889
wearable,2023.5,6,0.8333
absence,2023.5,8,1.0
guidelines,2023.5,10,0.8
combination,2023.6,10,0.9
overarching,2023.6,5,1.0
voices,2023.6,5,1.0
smart,2023.6,5,1.0
transformative,2023.667,6,1.0
tennis,2023.667,9,1.0
nuanced,2023.7,10,1.0
ai,2023.8,5,1.0
urgent,2023.8,5,0.8
deeper,2023.833,6,0.8333
athlete support,2023.833,6,1.0
exploration,2023.923,13,1.0
equitable,2024.0,7,1.0
sports practice,2024.0,6,1.0
transformation,2024.0,8,1.0
validation,2024.0,5,1.0
maltreatment,2024.111,9,0.8889
algorithm,2024.125,8,1.0
pre,2024.125,8,1.0
digital,2024.167,6,1.0
ages,2024.4,5,1.0
actionable,2024.6,5,1.0
insufficient,2024.6,5,1.0
