country,n_country,family,k,share,rest_share,lift,z,p,q,significant
Canada,50,systems,20,0.4,0.3869,1.034,0.18,0.8585276675894666,0.9226019324277421,0
Canada,50,participation,3,0.06,0.1231,0.487,-1.46,0.144683017868106,0.31172577594335793,0
Canada,50,athletic,4,0.08,0.1231,0.65,-0.95,0.3414492685817958,0.5231630806820673,0
Canada,50,stakeholders,7,0.14,0.1407,0.995,-0.01,0.9892298923610492,0.99313922789339,0
Canada,50,resources,9,0.18,0.0905,1.99,1.75,0.08093932091373102,0.23227267818131883,0
Canada,50,global,3,0.06,0.0955,0.628,-0.88,0.3772001962372413,0.5624702765720662,0
Canada,50,athlete development,9,0.18,0.1583,1.137,0.39,0.6995375099762007,0.8121964995940536,0
Canada,50,performance sport,13,0.26,0.1307,1.99,2.17,0.02967021991235419,0.17062249678089372,0
Canada,50,processes,3,0.06,0.098,0.612,-0.94,0.3478862366250821,0.5298136292208218,0
Canada,50,programs,6,0.12,0.1281,0.936,-0.16,0.8692734432603424,0.9279169139364017,0
Canada,50,environments,7,0.14,0.0528,2.653,1.97,0.04882395701699016,0.19138167117630323,0
Canada,50,association,3,0.06,0.0729,0.823,-0.34,0.7306354283832421,0.8338578783391056,0
Canada,50,injury,3,0.06,0.0729,0.823,-0.34,0.7306354283832421,0.8338578783391056,0
Canada,50,integration,3,0.06,0.0578,1.038,0.06,0.9500900373644627,0.9720634853651827,0
Canada,50,high performance,5,0.1,0.0528,1.895,1.19,0.2359068868107057,0.4157205994755568,0
Canada,50,services,4,0.08,0.0402,1.99,1.12,0.26440488587550925,0.44253958527261755,0
Canada,50,programming,4,0.08,0.0201,3.98,1.83,0.06712010354786901,0.21501577998610452,0
Canada,50,creative,3,0.06,0.0101,5.97,1.81,0.07017020234782922,0.2201005567431247,0
Canada,50,coaches,11,0.22,0.196,1.123,0.39,0.6932596494004848,0.8090932340364955,0
Canada,50,olympic,10,0.2,0.2462,0.812,-0.74,0.459250977084247,0.6348871394512878,0
Canada,50,strategies,6,0.12,0.1633,0.735,-0.83,0.407713390334985,0.5926255137701016,0
Canada,50,coaching,5,0.1,0.108,0.926,-0.18,0.8606646872912997,0.9232765525330456,0
Canada,50,models,5,0.1,0.0754,1.327,0.58,0.5617707053588386,0.7188498419812135,0
Canada,50,china,4,0.08,0.1106,0.724,-0.69,0.4879547759649663,0.6582865652651625,0
Canada,50,medals,4,0.08,0.0854,0.936,-0.13,0.8955254062851854,0.9379290895591176,0
Canada,50,tool,3,0.06,0.0653,0.918,-0.15,0.8835404822579462,0.9327376227473091,0
Canada,50,settings,4,0.08,0.0503,1.592,0.8,0.4216668865876332,0.6017335447617684,0
Canada,50,allocation,3,0.06,0.0151,3.98,1.58,0.11520138097763732,0.2737137670798595,0
Canada,50,elite,17,0.34,0.4623,0.735,-1.66,0.0962746342846934,0.25289441625922104,0
Canada,50,games,7,0.14,0.1407,0.995,-0.01,0.9892298923610492,0.99313922789339,0
Canada,50,policies,6,0.12,0.1332,0.901,-0.26,0.7918579267535857,0.8695461157849659,0
Canada,50,sport policy,3,0.06,0.1055,0.569,-1.1,0.27077034434209457,0.44679511526430876,0
Canada,50,implementation,4,0.08,0.0704,1.137,0.24,0.8073278194810716,0.8802905449506051,0
Canada,50,multiple,3,0.06,0.0603,0.995,-0.01,0.9932567236083316,0.9932567236083316,0
Canada,50,changes,5,0.1,0.0553,1.809,1.11,0.2653332066704499,0.44253958527261755,0
Canada,50,funding,3,0.06,0.0653,0.918,-0.15,0.8835404822579462,0.9327376227473091,0
Canada,50,interventions,9,0.18,0.0628,2.866,2.39,0.016785517289398033,0.14711080718727146,0
Canada,50,paralympic,4,0.08,0.0452,1.769,0.96,0.33874890054150697,0.521022729475265,0
Canada,50,decisions,3,0.06,0.0302,1.99,0.96,0.3376165202311323,0.5201422011521093,0
Canada,50,decades,4,0.08,0.0302,2.653,1.46,0.14529306887349192,0.31172577594335793,0
Canada,50,criteria,4,0.08,0.0151,5.307,2.03,0.041997373321435605,0.18022736617662768,0
Canada,50,talent,3,0.06,0.1131,0.531,-1.26,0.20841146650396358,0.3842362719132334,0
Canada,50,practitioners,13,0.26,0.0628,4.139,3.57,0.00035409666949814955,0.015664562188751473,1
Canada,50,selection,4,0.08,0.0352,2.274,1.28,0.1997131195123194,0.3748442300162311,0
Canada,50,considerations,3,0.06,0.0251,2.388,1.15,0.24957056182460424,0.4269816794384113,0
Canada,50,challenges,17,0.34,0.1457,2.333,3.02,0.002532355600705083,0.056543761238498455,0
Canada,50,implications,6,0.12,0.103,1.165,0.36,0.7191137781708283,0.8280207443392313,0
Canada,50,transition,10,0.2,0.0553,3.618,2.89,0.0038450472024120774,0.06662031709073112,0
Canada,50,administrators,3,0.06,0.0201,2.985,1.36,0.17503122606752175,0.3496860408961886,0
Canada,50,teams,7,0.14,0.0804,1.741,1.27,0.2046299382251151,0.3789864601132899,0
Canada,50,relationships,6,0.12,0.0653,1.837,1.26,0.20886901756316778,0.3842362719132334,0
Canada,50,activity,3,0.06,0.103,0.582,-1.05,0.2947383891770359,0.4761947192095067,0
Canada,50,characteristics,4,0.08,0.0704,1.137,0.24,0.8073278194810716,0.8802905449506051,0
Canada,50,youth,3,0.06,0.1307,0.459,-1.6,0.1088261161650752,0.26830559886426597,0
Canada,50,values,4,0.08,0.0854,0.936,-0.13,0.8955254062851854,0.9379290895591176,0
Canada,50,recommendations,5,0.1,0.0352,2.843,1.72,0.08524740850785562,0.2371103068975984,0
Canada,50,contribution,3,0.06,0.0377,1.592,0.69,0.4902582144994645,0.6582865652651625,0
Canada,50,sporting,4,0.08,0.1759,0.455,-1.91,0.055735683855742346,0.19687623688967543,0
Canada,50,framework,6,0.12,0.1809,0.663,-1.14,0.25621330991908287,0.43434701626793426,0
Canada,50,opportunities,6,0.12,0.1156,1.038,0.09,0.9271526155037577,0.9595398529352901,0
Canada,50,issues,9,0.18,0.0955,1.885,1.63,0.1021317250598699,0.2592359906574293,0
Canada,50,non,5,0.1,0.0653,1.531,0.84,0.40136003951575416,0.5871865774962766,0
Canada,50,influence,4,0.08,0.0955,0.838,-0.36,0.7154016798858274,0.8276564889339149,0
Canada,50,women,6,0.12,0.0704,1.706,1.13,0.25949898106500435,0.43672926342280627,0
Canada,50,systemic,5,0.1,0.0553,1.809,1.11,0.2653332066704499,0.44253958527261755,0
Canada,50,inclusion,4,0.08,0.0628,1.274,0.44,0.6564549771703188,0.7828583745715355,0
Canada,50,perceptions,4,0.08,0.0628,1.274,0.44,0.6564549771703188,0.7828583745715355,0
Canada,50,men,6,0.12,0.0352,3.411,2.11,0.03458086464122201,0.17170543149796128,0
Canada,50,awareness,3,0.06,0.0402,1.492,0.6,0.5452572691205233,0.7045118261654606,0
Canada,50,narratives,6,0.12,0.0276,4.342,2.35,0.01856144696317119,0.1521219027004207,0
Canada,50,equity,3,0.06,0.0151,3.98,1.58,0.11520138097763732,0.2737137670798595,0
Canada,50,inequities,3,0.06,0.005,11.94,2.07,0.03884052330457677,0.17776084813302034,0
Canada,50,experiences,13,0.26,0.1005,2.587,2.77,0.005684871754729315,0.08382037818612156,0
Canada,50,organizations,11,0.22,0.1407,1.564,1.37,0.16926416054600946,0.3447684948145479,0
Canada,50,athletics,3,0.06,0.0427,1.405,0.52,0.6016937355692948,0.745687186296931,0
Canada,50,scholars,4,0.08,0.0251,3.184,1.64,0.10124185354351578,0.2585263667509465,0
Canada,50,pre,4,0.08,0.0101,7.96,2.25,0.02455838949059741,0.16327179913526108,0
Canada,50,arts,3,0.06,0.005,11.94,2.07,0.03884052330457677,0.17776084813302034,0
Canada,50,structures,4,0.08,0.0477,1.676,0.88,0.3792189473647807,0.5642939371238528,0
Canada,50,national sport,10,0.2,0.0603,3.317,2.77,0.005654739295426259,0.08382037818612156,0
Canada,50,canada,31,0.62,0.0126,49.352,8.71,0.0,0.0,1
Canada,50,landscape,4,0.08,0.0327,2.449,1.37,0.17120037813043298,0.3451209716349109,0
Canada,50,aspects,4,0.08,0.098,0.816,-0.42,0.6736897706975802,0.7962567391578269,0
Canada,50,importance,6,0.12,0.0854,1.405,0.76,0.4478508221910851,0.6274236074550148,0
Canada,50,broader,9,0.18,0.0653,2.755,2.33,0.019819289149103136,0.15644623368965352,0
Canada,50,mental,8,0.16,0.0653,2.449,2.0,0.045974289009921065,0.18409532107852014,0
Canada,50,learning,5,0.1,0.0477,2.095,1.33,0.18296570856712369,0.36242034809991025,0
Canada,50,communication,4,0.08,0.0427,1.873,1.04,0.3004280206901355,0.48037458041503595,0
Canada,50,pandemic,3,0.06,0.0201,2.985,1.36,0.17503122606752175,0.3496860408961886,0
Canada,50,differences,4,0.08,0.0829,0.965,-0.07,0.9433861154380356,0.9695841993723295,0
Canada,50,reflections,5,0.1,0.0176,5.686,2.33,0.01954828731960845,0.15644623368965352,0
Canada,50,outcomes,6,0.12,0.0955,1.257,0.53,0.5980993864884983,0.745687186296931,0
Canada,50,themes,9,0.18,0.0503,3.582,2.71,0.006741674548845111,0.09036154997130613,0
Canada,50,ability,4,0.08,0.0503,1.592,0.8,0.4216668865876332,0.6017335447617684,0
Canada,50,delivery,6,0.12,0.0251,4.776,2.44,0.014790934006639,0.1430107089438379,0
Canada,50,advantage,3,0.06,0.0452,1.327,0.44,0.6591889593617717,0.7851109528808794,0
Canada,50,exploration,3,0.06,0.0251,2.388,1.15,0.24957056182460424,0.4269816794384113,0
Canada,50,competitive,7,0.14,0.1633,0.857,-0.43,0.6648365098846809,0.7898121709499598,0
Canada,50,problems,3,0.06,0.0503,1.194,0.28,0.7758815712887792,0.8601360139943627,0
Canada,50,autonomy,4,0.08,0.0302,2.653,1.46,0.14529306887349192,0.31172577594335793,0
Canada,50,psychological,7,0.14,0.0653,2.143,1.64,0.10106480114531102,0.2585263667509465,0
Canada,50,skills,5,0.1,0.0628,1.592,0.91,0.36477524366059644,0.5483433678975632,0
Canada,50,psychology,10,0.2,0.0327,6.123,3.48,0.0005043328273888203,0.02129659984746428,1
Canada,50,sport psychology,9,0.18,0.0151,11.94,3.7,0.00021150422001237068,0.0103414431784996,1
Canada,50,career transition,3,0.06,0.0151,3.98,1.58,0.11520138097763732,0.2737137670798595,0
Canada,50,mental health,6,0.12,0.0402,2.985,1.96,0.05007966857921753,0.1914568399592308,0
Canada,50,podium,3,0.06,0.005,11.94,2.07,0.03884052330457677,0.17776084813302034,0
Canada,50,players,4,0.08,0.0804,0.995,-0.01,0.9921291599135946,0.9932089766821728,0
Canada,50,careers,4,0.08,0.0578,1.384,0.58,0.5589015561323918,0.7170087979675482,0
Canada,50,relation,3,0.06,0.0854,0.702,-0.65,0.5139916830084292,0.6746008705280607,0
Canada,50,governments,3,0.06,0.0201,2.985,1.36,0.17503122606752175,0.3496860408961886,0
Canada,50,mechanisms,3,0.06,0.0553,1.085,0.14,0.8925468407450767,0.9379290895591176,0
Canada,50,collective,3,0.06,0.0176,3.411,1.46,0.14324417769692133,0.3116483397668382,0
Canada,50,orientation,4,0.08,0.0126,6.368,2.14,0.03241063103254782,0.17062249678089372,0
Canada,50,practical,4,0.08,0.0854,0.936,-0.13,0.8955254062851854,0.9379290895591176,0
Canada,50,pathways,3,0.06,0.0628,0.955,-0.08,0.937730804504352,0.9676482758465839,0
Canada,50,self,3,0.06,0.0653,0.918,-0.15,0.8835404822579462,0.9327376227473091,0
Canada,50,behaviors,4,0.08,0.0327,2.449,1.37,0.17120037813043298,0.3451209716349109,0
Canada,50,benefits,3,0.06,0.0427,1.405,0.52,0.6016937355692948,0.745687186296931,0
Canada,50,contexts,3,0.06,0.0402,1.492,0.6,0.5452572691205233,0.7045118261654606,0
Canada,50,post,4,0.08,0.0578,1.384,0.58,0.5589015561323918,0.7170087979675482,0
Canada,50,amateur,3,0.06,0.0251,2.388,1.15,0.24957056182460424,0.4269816794384113,0
Canada,50,host,4,0.08,0.0176,4.549,1.93,0.0535086779082663,0.19562267425705035,0
Canada,50,reports,3,0.06,0.0176,3.411,1.46,0.14324417769692133,0.3116483397668382,0
Canada,50,inclusive,3,0.06,0.0327,1.837,0.87,0.38607692627396806,0.5702153648784043,0
Canada,50,overarching,3,0.06,0.005,11.94,2.07,0.03884052330457677,0.17776084813302034,0
Canada,50,barriers,4,0.08,0.0352,2.274,1.28,0.1997131195123194,0.3748442300162311,0
Canada,50,access,6,0.12,0.0402,2.985,1.96,0.05007966857921753,0.1914568399592308,0
Canada,50,disability,3,0.06,0.0377,1.592,0.69,0.4902582144994645,0.6582865652651625,0
Canada,50,para,3,0.06,0.0226,2.653,1.25,0.21051334379289055,0.38608971596788316,0
Canada,50,athlete health,4,0.08,0.0201,3.98,1.83,0.06712010354786901,0.21501577998610452,0
Canada,50,gap,6,0.12,0.0452,2.653,1.81,0.07025819894880647,0.2201005567431247,0
Canada,50,leaders,3,0.06,0.0352,1.706,0.78,0.43707486109047755,0.6161495386237535,0
Canada,50,trends,3,0.06,0.0578,1.038,0.06,0.9500900373644627,0.9720634853651827,0
Canada,50,systematic,3,0.06,0.0427,1.405,0.52,0.6016937355692948,0.745687186296931,0
Canada,50,stress,3,0.06,0.0327,1.837,0.87,0.38607692627396806,0.5702153648784043,0
Canada,50,phase,5,0.1,0.0327,3.062,1.8,0.07133164530877378,0.2212512110281374,0
Canada,50,measures,4,0.08,0.0528,1.516,0.73,0.46590235293929716,0.6412196827860845,0
Canada,50,scientific,3,0.06,0.0352,1.706,0.78,0.43707486109047755,0.6161495386237535,0
Canada,50,manuscript,4,0.08,0.0025,31.84,2.6,0.009412287216206572,0.11355863407605071,0
Canada,50,assistance,4,0.08,0.0126,6.368,2.14,0.03241063103254782,0.17062249678089372,0
Canada,50,scholarship,3,0.06,0.0176,3.411,1.46,0.14324417769692133,0.3116483397668382,0
Canada,50,provincial,5,0.1,0.0075,13.267,2.73,0.006294199420379121,0.08995863479280312,0
Canada,50,trust,3,0.06,0.0176,3.411,1.46,0.14324417769692133,0.3116483397668382,0
Canada,50,larger,3,0.06,0.0075,7.96,1.94,0.05290539036940434,0.19562267425705035,0
Canada,50,maltreatment,3,0.06,0.0151,3.98,1.58,0.11520138097763732,0.2737137670798595,0
Canada,50,national team,3,0.06,0.0126,4.776,1.69,0.09087721604406451,0.24470995276793023,0
Canada,50,excellence,4,0.08,0.0226,3.538,1.73,0.08298739894355966,0.23362210187444526,0
Canada,50,reflective,5,0.1,0.0,0.0,3.06,0.0022280258526461427,0.05473245903942801,0
Canada,50,meta,3,0.06,0.0101,5.97,1.81,0.07017020234782922,0.2201005567431247,0
Canada,50,league,3,0.06,0.0377,1.592,0.69,0.4902582144994645,0.6582865652651625,0
Canada,50,hockey,4,0.08,0.0126,6.368,2.14,0.03241063103254782,0.17062249678089372,0
United States,41,systems,15,0.3659,0.3907,0.936,-0.31,0.7548666683411578,0.8464888859958475,0
United States,41,participation,10,0.2439,0.1032,2.364,2.27,0.023358499500604646,0.16268829577460617,0
United States,41,athletic,14,0.3415,0.0958,3.563,3.63,0.00028664525678934183,0.013314672177864927,1
United States,41,stakeholders,9,0.2195,0.1327,1.654,1.39,0.16412746312134296,0.33810646430376917,0
United States,41,resources,6,0.1463,0.0958,1.527,0.95,0.3445997526958662,0.5265348194974666,0
United States,41,global,4,0.0976,0.0909,1.073,0.14,0.8894840130809278,0.9368828210342198,0
United States,41,athlete development,7,0.1707,0.1597,1.069,0.18,0.856205415624447,0.9218970179578265,0
United States,41,performance sport,4,0.0976,0.1499,0.651,-0.97,0.33218634771055444,0.5145688756182539,0
United States,41,processes,5,0.122,0.0909,1.341,0.61,0.538994201922367,0.701296377571259,0
United States,41,programs,5,0.122,0.1278,0.955,-0.11,0.9145319884361116,0.9509743891855098,0
United States,41,educational,6,0.1463,0.0713,2.054,1.47,0.14109605514072587,0.31134972737704114,0
United States,41,environments,3,0.0732,0.0614,1.191,0.29,0.7747824336173623,0.8599437046959733,0
United States,41,association,9,0.2195,0.0565,3.884,2.88,0.003923527497178725,0.06662031709073112,0
United States,41,organizational,7,0.1707,0.0516,3.309,2.31,0.020717059147915773,0.15905907395383267,0
United States,41,injury,5,0.122,0.0663,1.838,1.16,0.2451426097035383,0.425677540961845,0
United States,41,unique,5,0.122,0.0491,2.482,1.59,0.11210641044474823,0.2737137670798595,0
United States,41,integration,3,0.0732,0.0565,1.295,0.41,0.6796767309757956,0.7992654216158407,0
United States,41,holistic,3,0.0732,0.0491,1.489,0.61,0.5404905975320418,0.7022598113388346,0
United States,41,university,3,0.0732,0.0713,1.027,0.05,0.9639350656944596,0.9810267238809731,0
United States,41,mass,3,0.0732,0.0319,2.291,1.13,0.25946939797040214,0.43672926342280627,0
United States,41,elements,3,0.0732,0.0442,1.654,0.75,0.4523387700467887,0.6290759242117765,0
United States,41,services,4,0.0976,0.0393,2.482,1.41,0.15914516213474816,0.33359380001763517,0
United States,41,facilities,3,0.0732,0.0467,1.567,0.68,0.49581658513394844,0.6589608120020574,0
United States,41,prevention,3,0.0732,0.0344,2.127,1.05,0.2942031302777326,0.4761580279233686,0
United States,41,collegiate,7,0.1707,0.0098,17.372,3.43,0.000611128309504938,0.024684269544786412,1
United States,41,programming,6,0.1463,0.0147,9.927,2.95,0.0031633966120345747,0.06530656561289155,0
United States,41,strength,4,0.0976,0.0246,3.971,1.86,0.06283064437972463,0.21034172914315338,0
United States,41,variety,4,0.0976,0.0197,4.963,2.02,0.04295132228515808,0.18022736617662768,0
United States,41,healthy,3,0.0732,0.0172,4.254,1.64,0.10005055669908591,0.2575358943715294,0
United States,41,tests,3,0.0732,0.0197,3.723,1.55,0.12055113130837602,0.2799800024637033,0
United States,41,operations,3,0.0732,0.0098,7.445,1.94,0.05258179221556558,0.1953939398730417,0
United States,41,collegiate athletic,6,0.1463,0.0074,19.854,3.18,0.0014516186690820554,0.04650185322680102,1
United States,41,ncaa,5,0.122,0.0025,49.634,3.02,0.002532023237300063,0.056543761238498455,0
United States,41,partnerships,4,0.0976,0.0147,6.618,2.2,0.028122443372330608,0.16535284742338693,0
United States,41,socioeconomic,3,0.0732,0.0049,14.89,2.15,0.03150162619878105,0.17062249678089372,0
United States,41,coaches,11,0.2683,0.1916,1.4,1.11,0.26630486163480693,0.4433641872020352,0
United States,41,olympic,5,0.122,0.2531,0.482,-2.05,0.04034463338466443,0.1795540395617041,0
United States,41,strategies,6,0.1463,0.1597,0.916,-0.23,0.820774434230481,0.8928564981266005,0
United States,41,coaching,4,0.0976,0.1081,0.902,-0.21,0.8321668578781574,0.8999802223152598,0
United States,41,insights,8,0.1951,0.0835,2.336,1.97,0.04923204568736672,0.1914568399592308,0
United States,41,comprehensive,3,0.0732,0.0663,1.103,0.16,0.8699845339489838,0.9279169139364017,0
United States,41,china,4,0.0976,0.1081,0.902,-0.21,0.8321668578781574,0.8999802223152598,0
United States,41,elite,11,0.2683,0.4668,0.575,-2.51,0.011965705354932687,0.12854753560656773,0
United States,41,policies,4,0.0976,0.1351,0.722,-0.72,0.4744939017457921,0.6467023206747349,0
United States,41,multiple,3,0.0732,0.059,1.241,0.35,0.7271271283872323,0.8321885150111655,0
United States,41,funding,3,0.0732,0.0639,1.145,0.22,0.8224595464664186,0.8930826810582544,0
United States,41,solutions,3,0.0732,0.0246,2.978,1.38,0.16888875548094906,0.3447684948145479,0
United States,41,talent,3,0.0732,0.1106,0.662,-0.79,0.42945031588244387,0.6100295771479974,0
United States,41,challenges,8,0.1951,0.1646,1.185,0.48,0.6278928243872228,0.760511647791043,0
United States,41,implications,5,0.122,0.1032,1.182,0.36,0.717212000099017,0.8280207443392313,0
United States,41,academic,3,0.0732,0.0737,0.993,-0.01,0.9899321044448646,0.99313922789339,0
United States,41,efforts,3,0.0732,0.0614,1.191,0.29,0.7747824336173623,0.8599437046959733,0
United States,41,united,8,0.1951,0.0418,4.671,2.9,0.0037747295770327316,0.06662031709073112,0
United States,41,states,8,0.1951,0.0418,4.671,2.9,0.0037747295770327316,0.06662031709073112,0
United States,41,expectations,3,0.0732,0.0369,1.985,0.97,0.3310137293919295,0.5142337033530142,0
United States,41,administrators,3,0.0732,0.0197,3.723,1.55,0.12055113130837602,0.2799800024637033,0
United States,41,ecosystem,6,0.1463,0.0934,1.567,1.0,0.31951589663771873,0.5048133809123142,0
United States,41,teams,4,0.0976,0.086,1.134,0.24,0.8068501690489753,0.8802905449506051,0
United States,41,relationships,3,0.0732,0.0713,1.027,0.05,0.9639350656944596,0.9810267238809731,0
United States,41,competitions,3,0.0732,0.0688,1.064,0.1,0.917193813466326,0.9509743891855098,0
United States,41,activity,4,0.0976,0.0983,0.993,-0.01,0.9882180251136121,0.99313922789339,0
United States,41,dynamics,7,0.1707,0.0663,2.574,1.97,0.04872027599586404,0.19138167117630323,0
United States,41,youth,11,0.2683,0.1081,2.482,2.5,0.012379798822095944,0.13069128529235377,0
United States,41,values,5,0.122,0.0811,1.504,0.83,0.4088542816094538,0.5926255137701016,0
United States,41,clubs,3,0.0732,0.0958,0.764,-0.5,0.6191430971839169,0.7548345633646442,0
United States,41,federations,3,0.0732,0.0909,0.805,-0.39,0.6932172424466883,0.8090932340364955,0
United States,41,recommendations,3,0.0732,0.0393,1.861,0.9,0.36975264735879154,0.5540325958005118,0
United States,41,limited,3,0.0732,0.0467,1.567,0.68,0.49581658513394844,0.6589608120020574,0
United States,41,american,6,0.1463,0.0147,9.927,2.95,0.0031633966120345747,0.06530656561289155,0
United States,41,framework,6,0.1463,0.1769,0.827,-0.51,0.6123489000319873,0.7496563140213406,0
United States,41,opportunities,6,0.1463,0.113,1.295,0.61,0.5449820454914884,0.7045118261654606,0
United States,41,higher,5,0.122,0.0737,1.654,0.99,0.32167155341341713,0.5056393792234595,0
United States,41,influence,6,0.1463,0.0885,1.654,1.1,0.272385763992804,0.44866378501651577,0
United States,41,women,3,0.0732,0.0762,0.961,-0.07,0.9445357378169625,0.9695841993723295,0
United States,41,gender,5,0.122,0.0614,1.985,1.28,0.20053561067606762,0.3748442300162311,0
United States,41,goals,3,0.0732,0.0516,1.418,0.54,0.5861597927256812,0.7354164552177451,0
United States,41,greater,3,0.0732,0.0418,1.752,0.82,0.4102541602141827,0.5926255137701016,0
United States,41,perceptions,4,0.0976,0.0614,1.588,0.82,0.4149073852280285,0.5966702180756014,0
United States,41,sport participation,5,0.122,0.0369,3.309,1.92,0.05474325929540447,0.19562267425705035,0
United States,41,experiences,10,0.2439,0.1057,2.309,2.22,0.026301351683293506,0.16535284742338693,0
United States,41,governance,3,0.0732,0.0811,0.902,-0.18,0.8564016431621144,0.9218970179578265,0
United States,41,organizations,5,0.122,0.1523,0.801,-0.54,0.589856678505134,0.7365280300151472,0
United States,41,athletics,5,0.122,0.0369,3.309,1.92,0.05474325929540447,0.19562267425705035,0
United States,41,lessons,3,0.0732,0.0098,7.445,1.94,0.05258179221556558,0.1953939398730417,0
United States,41,status,3,0.0732,0.0688,1.064,0.1,0.917193813466326,0.9509743891855098,0
United States,41,children,3,0.0732,0.0344,2.127,1.05,0.2942031302777326,0.4761580279233686,0
United States,41,appropriate,3,0.0732,0.0197,3.723,1.55,0.12055113130837602,0.2799800024637033,0
United States,41,justice,4,0.0976,0.0147,6.618,2.2,0.028122443372330608,0.16535284742338693,0
United States,41,national sport,3,0.0732,0.0762,0.961,-0.07,0.9445357378169625,0.9695841993723295,0
United States,41,interactions,3,0.0732,0.0565,1.295,0.41,0.6796767309757956,0.7992654216158407,0
United States,41,importance,3,0.0732,0.0909,0.805,-0.39,0.6932172424466883,0.8090932340364955,0
United States,41,broader,3,0.0732,0.0786,0.931,-0.13,0.8999912996165993,0.9404858462810133,0
United States,41,learning,3,0.0732,0.0516,1.418,0.54,0.5861597927256812,0.7354164552177451,0
United States,41,outcomes,6,0.1463,0.0934,1.567,1.0,0.31951589663771873,0.5048133809123142,0
United States,41,themes,4,0.0976,0.0614,1.588,0.82,0.4149073852280285,0.5966702180756014,0
United States,41,ability,4,0.0976,0.0491,1.985,1.13,0.257001739087656,0.43489001022300994,0
United States,41,delivery,3,0.0732,0.0319,2.291,1.13,0.25946939797040214,0.43672926342280627,0
United States,41,discussions,3,0.0732,0.0098,7.445,1.94,0.05258179221556558,0.1953939398730417,0
United States,41,competitive,3,0.0732,0.1695,0.432,-1.8,0.07169416334713685,0.2212512110281374,0
United States,41,youth sport,10,0.2439,0.0614,3.971,3.1,0.001958565209515095,0.05473245903942801,0
United States,41,skills,5,0.122,0.0614,1.985,1.28,0.20053561067606762,0.3748442300162311,0
United States,41,bodies,4,0.0976,0.0467,2.09,1.2,0.23001169758330953,0.4093503200285336,0
United States,41,regulation,5,0.122,0.0369,3.309,1.92,0.05474325929540447,0.19562267425705035,0
United States,41,members,5,0.122,0.0221,5.515,2.36,0.018434638406620296,0.1521219027004207,0
United States,41,interpersonal,3,0.0732,0.0172,4.254,1.64,0.10005055669908591,0.2575358943715294,0
United States,41,basketball,4,0.0976,0.027,3.61,1.78,0.07489373226016904,0.225897004122393,0
United States,41,conceptual,4,0.0976,0.0246,3.971,1.86,0.06283064437972463,0.21034172914315338,0
United States,41,practical,3,0.0732,0.086,0.851,-0.29,0.7724359226048174,0.8593927809579346,0
United States,41,meaningful,4,0.0976,0.0246,3.971,1.86,0.06283064437972463,0.21034172914315338,0
United States,41,behaviors,3,0.0732,0.0344,2.127,1.05,0.2942031302777326,0.4761580279233686,0
United States,41,relevant,3,0.0732,0.0688,1.064,0.1,0.917193813466326,0.9509743891855098,0
United States,41,determinants,3,0.0732,0.0295,2.482,1.21,0.22694057615054763,0.4062192586586874,0
United States,41,networks,3,0.0732,0.0369,1.985,0.97,0.3310137293919295,0.5142337033530142,0
United States,41,relative,3,0.0732,0.027,2.707,1.29,0.19672105963595943,0.3748442300162311,0
United States,41,concerns,3,0.0732,0.0172,4.254,1.64,0.10005055669908591,0.2575358943715294,0
United States,41,parents,6,0.1463,0.0172,8.509,2.88,0.004022688714890865,0.06662031709073112,0
United States,41,limitations,5,0.122,0.0197,6.204,2.43,0.014932226875729038,0.1430107089438379,0
United States,41,developmental,3,0.0732,0.0344,2.127,1.05,0.2942031302777326,0.4761580279233686,0
United States,41,usa,3,0.0732,0.0123,5.956,1.84,0.0661580337844494,0.214897948901236,0
United States,41,foundation,4,0.0976,0.0295,3.309,1.7,0.08847777923654188,0.2410435686532182,0
United States,41,variables,3,0.0732,0.0442,1.654,0.75,0.4523387700467887,0.6290759242117765,0
United States,41,scholarship,5,0.122,0.0123,9.927,2.67,0.007477600319346189,0.09767552136623306,0
United States,41,previous,3,0.0732,0.0418,1.752,0.82,0.4102541602141827,0.5926255137701016,0
United States,41,guidance,3,0.0732,0.0147,4.963,1.74,0.08194526055755569,0.23227267818131883,0
United States,41,categories,4,0.0976,0.0565,1.726,0.94,0.34744482562234724,0.5298136292208218,0
United States,41,sources,3,0.0732,0.027,2.707,1.29,0.19672105963595943,0.3748442300162311,0
United States,41,statements,3,0.0732,0.0147,4.963,1.74,0.08194526055755569,0.23227267818131883,0
United States,41,kinesiology,3,0.0732,0.0049,14.89,2.15,0.03150162619878105,0.17062249678089372,0
United States,41,youth sport system,4,0.0976,0.0098,9.927,2.38,0.017531077310348975,0.1507997298269833,0
United States,41,feedback,3,0.0732,0.0123,5.956,1.84,0.0661580337844494,0.214897948901236,0
United States,41,tennis,3,0.0732,0.0147,4.963,1.74,0.08194526055755569,0.23227267818131883,0
Germany,40,systems,13,0.325,0.3946,0.824,-0.88,0.3813746596368355,0.5659697424961984,0
Germany,40,participation,6,0.15,0.1127,1.33,0.67,0.505645157458219,0.667493039288319,0
Germany,40,athletic,6,0.15,0.1152,1.302,0.62,0.5356535389607775,0.6989074967620257,0
Germany,40,stakeholders,5,0.125,0.1422,0.879,-0.3,0.7608330441736348,0.8505582407187807,0
Germany,40,resources,4,0.1,0.1005,0.995,-0.01,0.9921398604532361,0.9932089766821728,0
Germany,40,athlete development,4,0.1,0.1667,0.6,-1.18,0.23653966543231197,0.4157205994755568,0
Germany,40,performance sport,5,0.125,0.1471,0.85,-0.39,0.6977476329240024,0.8112735306463057,0
Germany,40,programs,5,0.125,0.1275,0.981,-0.04,0.9644709045112037,0.9810267238809731,0
Germany,40,organizational,5,0.125,0.0564,2.217,1.44,0.14918434719918072,0.31722814621660483,0
Germany,40,injury,3,0.075,0.0711,1.055,0.09,0.9275207620407864,0.9595398529352901,0
Germany,40,integration,3,0.075,0.0564,1.33,0.45,0.6499529806820201,0.781120723225869,0
Germany,40,evaluation,4,0.1,0.049,2.04,1.17,0.24130106311061916,0.41979154986847417,0
Germany,40,coaches,7,0.175,0.201,0.871,-0.4,0.6881656751208864,0.8062457258854897,0
Germany,40,olympic,15,0.375,0.2279,1.645,1.93,0.053090756042476484,0.19562267425705035,0
Germany,40,countries,5,0.125,0.1422,0.879,-0.3,0.7608330441736348,0.8505582407187807,0
Germany,40,strategies,3,0.075,0.1667,0.45,-1.7,0.0896067920573389,0.24269594700078087,0
Germany,40,coaching,4,0.1,0.1078,0.927,-0.16,0.8767218634499592,0.932181287493555,0
Germany,40,insights,5,0.125,0.0907,1.378,0.67,0.5043342391039465,0.6674166782443964,0
Germany,40,models,4,0.1,0.076,1.316,0.51,0.6088158961180365,0.7486135966011285,0
Germany,40,comprehensive,7,0.175,0.0564,3.104,2.24,0.02518676541942022,0.16535284742338693,0
Germany,40,committee,3,0.075,0.0613,1.224,0.33,0.7423361429723712,0.8363063910582755,0
Germany,40,elite,19,0.475,0.4461,1.065,0.35,0.7261804227529121,0.8321885150111655,0
Germany,40,policies,8,0.2,0.125,1.6,1.23,0.21980275467521193,0.396498561346159,0
Germany,40,multiple,3,0.075,0.0588,1.275,0.39,0.6959865213358389,0.8102399477706697,0
Germany,40,changes,3,0.075,0.0588,1.275,0.39,0.6959865213358389,0.8102399477706697,0
Germany,40,interventions,3,0.075,0.076,0.987,-0.02,0.982130038778805,0.9928169815293905,0
Germany,40,talent,3,0.075,0.1103,0.68,-0.73,0.46251251765638823,0.6374987075708971,0
Germany,40,selection,3,0.075,0.0368,2.04,1.0,0.3150427727581486,0.5002986938330257,0
Germany,40,considerations,3,0.075,0.0245,3.06,1.4,0.16106531245784028,0.3347420028486211,0
Germany,40,challenges,5,0.125,0.1716,0.729,-0.79,0.4290044699059081,0.6100295771479974,0
Germany,40,implications,4,0.1,0.1054,0.949,-0.11,0.9146220730574379,0.9509743891855098,0
Germany,40,efforts,3,0.075,0.0613,1.224,0.33,0.7423361429723712,0.8363063910582755,0
Germany,40,ecosystem,3,0.075,0.1005,0.746,-0.54,0.5865915966806772,0.7354164552177451,0
Germany,40,teams,4,0.1,0.0858,1.166,0.3,0.7675535151444686,0.8549846709462965,0
Germany,40,structural,4,0.1,0.0392,2.55,1.44,0.14940990264118037,0.31722814621660483,0
Germany,40,relationships,4,0.1,0.0686,1.457,0.68,0.49557251243522016,0.6589608120020574,0
Germany,40,competitions,3,0.075,0.0686,1.093,0.15,0.8815734786499041,0.9327376227473091,0
Germany,40,activity,3,0.075,0.1005,0.746,-0.54,0.5865915966806772,0.7354164552177451,0
Germany,40,characteristics,6,0.15,0.0637,2.354,1.69,0.09189023850500355,0.2460116183606579,0
Germany,40,dynamics,5,0.125,0.0711,1.759,1.09,0.2737643812223922,0.4501364781515086,0
Germany,40,actors,4,0.1,0.0515,1.943,1.11,0.2682596178014647,0.44423027618103506,0
Germany,40,youth,3,0.075,0.1275,0.588,-1.05,0.29392368849794837,0.4761580279233686,0
Germany,40,values,4,0.1,0.0833,1.2,0.35,0.7273811347567991,0.8321885150111655,0
Germany,40,clubs,3,0.075,0.0956,0.785,-0.44,0.6564086720105717,0.7828583745715355,0
Germany,40,federations,10,0.25,0.0735,3.4,2.89,0.003822282554069023,0.06662031709073112,0
Germany,40,sporting,3,0.075,0.174,0.431,-1.81,0.07027234192859688,0.2201005567431247,0
Germany,40,framework,9,0.225,0.1691,1.33,0.85,0.3964813649996861,0.5809640190610542,0
Germany,40,opportunities,3,0.075,0.1201,0.624,-0.92,0.35893669183283583,0.5421986775816333,0
Germany,40,higher,7,0.175,0.0686,2.55,1.96,0.04965200312753493,0.1914568399592308,0
Germany,40,non,3,0.075,0.0686,1.093,0.15,0.8815734786499041,0.9327376227473091,0
Germany,40,influence,4,0.1,0.0931,1.074,0.14,0.8884751083674116,0.9368823787438426,0
Germany,40,gender,6,0.15,0.0588,2.55,1.8,0.07192450563024488,0.2212512110281374,0
Germany,40,inclusion,9,0.225,0.049,4.59,3.09,0.002008858260939661,0.05473245903942801,0
Germany,40,perceptions,3,0.075,0.0637,1.177,0.27,0.7888272510835532,0.8682707538585556,0
Germany,40,lower,3,0.075,0.027,2.782,1.32,0.18744026852328877,0.3642929068161826,0
Germany,40,awareness,3,0.075,0.0392,1.912,0.93,0.3519808727368898,0.5334261513418771,0
Germany,40,relevance,4,0.1,0.0172,5.829,2.13,0.03323763220252163,0.17062249678089372,0
Germany,40,experiences,8,0.2,0.1103,1.813,1.5,0.13479006924041292,0.3024637060974483,0
Germany,40,governance,3,0.075,0.0809,0.927,-0.13,0.8946386453637167,0.9379290895591176,0
Germany,40,organizations,9,0.225,0.1422,1.583,1.29,0.19651475866021118,0.3748442300162311,0
Germany,40,international sport,3,0.075,0.0539,1.391,0.52,0.6044159863095684,0.745687186296931,0
Germany,40,sociological,3,0.075,0.0221,3.4,1.49,0.1370116529463099,0.30366210243144626,0
Germany,40,status,3,0.075,0.0686,1.093,0.15,0.8815734786499041,0.9327376227473091,0
Germany,40,structures,5,0.125,0.0441,2.833,1.75,0.07932634456366561,0.23227267818131883,0
Germany,40,aspects,3,0.075,0.098,0.765,-0.49,0.6208601787294223,0.755476301933652,0
Germany,40,importance,5,0.125,0.0858,1.457,0.77,0.4408058254533169,0.6204675937062598,0
Germany,40,mental,3,0.075,0.076,0.987,-0.02,0.982130038778805,0.9928169815293905,0
Germany,40,communication,5,0.125,0.0392,3.188,1.89,0.05929547453985062,0.20554289495343742,0
Germany,40,differences,4,0.1,0.0809,1.236,0.4,0.6874584966459969,0.8062457258854897,0
Germany,40,managers,3,0.075,0.0539,1.391,0.52,0.6044159863095684,0.745687186296931,0
Germany,40,depth,3,0.075,0.0319,2.354,1.16,0.24698286759679355,0.4264815687684409,0
Germany,40,competitive,5,0.125,0.1642,0.761,-0.67,0.5009598415636045,0.6638968513731649,0
Germany,40,concept,4,0.1,0.0686,1.457,0.68,0.49557251243522016,0.6589608120020574,0
Germany,40,crisis,3,0.075,0.027,2.782,1.32,0.18744026852328877,0.3642929068161826,0
Germany,40,bodies,3,0.075,0.049,1.53,0.65,0.5155722476586901,0.6746008705280607,0
Germany,40,players,4,0.1,0.0784,1.275,0.46,0.647898645132583,0.779660416228199,0
Germany,40,consequences,3,0.075,0.0319,2.354,1.16,0.24698286759679355,0.4264815687684409,0
Germany,40,events,4,0.1,0.0833,1.2,0.35,0.7273811347567991,0.8321885150111655,0
Germany,40,practical,4,0.1,0.0833,1.2,0.35,0.7273811347567991,0.8321885150111655,0
Germany,40,self,3,0.075,0.0637,1.177,0.27,0.7888272510835532,0.8682707538585556,0
Germany,40,areas,3,0.075,0.049,1.53,0.65,0.5155722476586901,0.6746008705280607,0
Germany,40,questions,4,0.1,0.0368,2.72,1.51,0.13050025407540478,0.2964174475209072,0
Germany,40,team sports,3,0.075,0.0245,3.06,1.4,0.16106531245784028,0.3347420028486211,0
Germany,40,contexts,3,0.075,0.0392,1.912,0.93,0.3519808727368898,0.5334261513418771,0
Germany,40,determinants,3,0.075,0.0294,2.55,1.24,0.21610037780826552,0.3913396705338766,0
Germany,40,networks,4,0.1,0.0343,2.914,1.58,0.11320117789628026,0.2737137670798595,0
Germany,40,regression,4,0.1,0.0123,8.16,2.3,0.02139672930534453,0.1603029155214925,0
Germany,40,prevalence,3,0.075,0.0172,4.371,1.67,0.09587184351246325,0.25289441625922104,0
Germany,40,german,21,0.525,0.0123,42.84,6.98,2.9105606813573104e-12,1.3519554364904709e-09,1
Germany,40,gap,3,0.075,0.0515,1.457,0.58,0.5595601491135334,0.7170087979675482,0
Germany,40,doping,3,0.075,0.0294,2.55,1.24,0.21610037780826552,0.3913396705338766,0
Germany,40,anti,3,0.075,0.0245,3.06,1.4,0.16106531245784028,0.3347420028486211,0
Germany,40,makers,3,0.075,0.0319,2.354,1.16,0.24698286759679355,0.4264815687684409,0
Germany,40,representation,4,0.1,0.0172,5.829,2.13,0.03323763220252163,0.17062249678089372,0
Germany,40,capabilities,3,0.075,0.027,2.782,1.32,0.18744026852328877,0.3642929068161826,0
Germany,40,phase,4,0.1,0.0343,2.914,1.58,0.11320117789628026,0.2737137670798595,0
Germany,40,discrimination,4,0.1,0.0123,8.16,2.3,0.02139672930534453,0.1603029155214925,0
Germany,40,germany,12,0.3,0.0172,17.486,4.67,2.9617816672544706e-06,0.0003930707384113433,1
Germany,40,measures,3,0.075,0.0539,1.391,0.52,0.6044159863095684,0.745687186296931,0
Germany,40,newspapers,4,0.1,0.0025,40.8,2.67,0.007570115757124629,0.09767552136623306,0
Germany,40,previous,6,0.15,0.0343,4.371,2.41,0.01577933094483175,0.14479685760186756,0
Germany,40,competitiveness,4,0.1,0.0196,5.1,2.05,0.04073084942392868,0.1795540395617041,0
Germany,40,categories,5,0.125,0.0539,2.318,1.5,0.132808482922687,0.2995121083870296,0
Germany,40,binary,3,0.075,0.0049,15.3,2.16,0.03074851026646308,0.17062249678089372,0
Germany,40,socialist,3,0.075,0.0074,10.2,2.05,0.03989534032582931,0.17904720368451899,0
Germany,40,press,3,0.075,0.0074,10.2,2.05,0.03989534032582931,0.17904720368451899,0
Germany,40,adolescent,4,0.1,0.0123,8.16,2.3,0.02139672930534453,0.1603029155214925,0
Germany,40,squad,5,0.125,0.0,0.0,3.12,0.0018284112939248587,0.05473245903942801,0
Germany,40,starting,3,0.075,0.0049,15.3,2.16,0.03074851026646308,0.17062249678089372,0
Australia,36,systems,18,0.5,0.3786,1.321,1.41,0.15943557288248655,0.33359380001763517,0
Australia,36,stakeholders,9,0.25,0.1311,1.907,1.74,0.08142001141032007,0.23227267818131883,0
Australia,36,athlete development,3,0.0833,0.1675,0.498,-1.46,0.14377061831510352,0.31172577594335793,0
Australia,36,performance sport,16,0.4444,0.1189,3.737,4.16,3.130247109650597e-05,0.0024233329707211704,1
Australia,36,processes,4,0.1111,0.0922,1.205,0.36,0.7192817445444131,0.8280207443392313,0
Australia,36,programs,7,0.1944,0.1214,1.602,1.15,0.24881649697677188,0.4269816794384113,0
Australia,36,environments,3,0.0833,0.0607,1.373,0.5,0.6140887566956299,0.7496563140213406,0
Australia,36,association,3,0.0833,0.0704,1.184,0.28,0.779765119922671,0.8613576651702275,0
Australia,36,injury,4,0.1111,0.068,1.635,0.87,0.384528843299488,0.5697405030705333,0
Australia,36,unique,4,0.1111,0.051,2.18,1.27,0.2047913917942643,0.3789864601132899,0
Australia,36,high performance,5,0.1389,0.051,2.725,1.73,0.08437933855144264,0.23610965516352475,0
Australia,36,holistic,4,0.1111,0.0461,2.409,1.39,0.16467166996485316,0.3384512862773199,0
Australia,36,services,3,0.0833,0.0413,2.02,1.0,0.3165559887412299,0.5018438797621205,0
Australia,36,prevention,5,0.1389,0.0291,4.769,2.28,0.022802699877514154,0.16157482752940405,0
Australia,36,personnel,4,0.1111,0.0194,5.722,2.14,0.032672776395259895,0.17062249678089372,0
Australia,36,coaches,5,0.1389,0.2039,0.681,-0.99,0.3210164616573543,0.5056393792234595,0
Australia,36,olympic,5,0.1389,0.25,0.556,-1.62,0.10622994029500221,0.26830559886426597,0
Australia,36,countries,4,0.1111,0.1432,0.776,-0.55,0.5793872790315615,0.7345138167146571,0
Australia,36,strategies,7,0.1944,0.1553,1.252,0.59,0.5536434136467498,0.7123749740690175,0
Australia,36,coaching,3,0.0833,0.1092,0.763,-0.51,0.6135430042767376,0.7496563140213406,0
Australia,36,insights,4,0.1111,0.0922,1.205,0.36,0.7192817445444131,0.8280207443392313,0
Australia,36,models,4,0.1111,0.0752,1.477,0.71,0.47770517908169463,0.6467023206747349,0
Australia,36,medals,3,0.0833,0.085,0.981,-0.03,0.9732447131908022,0.9859807399719249,0
Australia,36,settings,3,0.0833,0.051,1.635,0.74,0.4568824786258947,0.632554132106492,0
Australia,36,elite,13,0.3611,0.4563,0.791,-1.11,0.26516629180247575,0.44253958527261755,0
Australia,36,games,3,0.0833,0.1456,0.572,-1.13,0.26024554251631304,0.4371936871566995,0
Australia,36,multiple,6,0.1667,0.051,3.27,2.14,0.03254240324282698,0.17062249678089372,0
Australia,36,changes,3,0.0833,0.0583,1.431,0.56,0.5736602704256757,0.731043060665916,0
Australia,36,interventions,6,0.1667,0.068,2.452,1.76,0.07757770293161226,0.23173532483430154,0
Australia,36,domain,5,0.1389,0.0243,5.722,2.41,0.01598175196575502,0.14479685760186756,0
Australia,36,talent,3,0.0833,0.1092,0.763,-0.51,0.6135430042767376,0.7496563140213406,0
Australia,36,practitioners,3,0.0833,0.085,0.981,-0.03,0.9732447131908022,0.9859807399719249,0
Australia,36,selection,3,0.0833,0.0364,2.289,1.14,0.25509021909893015,0.43423447323174197,0
Australia,36,challenges,3,0.0833,0.1748,0.477,-1.57,0.11662353569581652,0.27568260728095045,0
Australia,36,implications,8,0.2222,0.0947,2.348,2.01,0.04442633676474461,0.18022736617662768,0
Australia,36,cross,3,0.0833,0.0534,1.561,0.68,0.49492324595064874,0.6589608120020574,0
Australia,36,transition,3,0.0833,0.0704,1.184,0.28,0.779765119922671,0.8613576651702275,0
Australia,36,ecosystem,6,0.1667,0.0922,1.807,1.28,0.20202627542613394,0.37636139403606733,0
Australia,36,youth,5,0.1389,0.1214,1.144,0.3,0.7643321388887863,0.8525764195082611,0
Australia,36,clubs,5,0.1389,0.0898,1.547,0.89,0.3748324478948022,0.5598381737850019,0
Australia,36,sporting,10,0.2778,0.1553,1.788,1.71,0.08720053689424478,0.23826264345515707,0
Australia,36,primary,4,0.1111,0.0437,2.543,1.45,0.1465789974584102,0.31376011207111304,0
Australia,36,capacity,4,0.1111,0.0267,4.162,1.92,0.05517022675494854,0.19562267425705035,0
Australia,36,sector,3,0.0833,0.0437,1.907,0.94,0.3496218775896409,0.5315854734546259,0
Australia,36,priority,3,0.0833,0.0316,2.641,1.28,0.20040136123958785,0.3748442300162311,0
Australia,36,framework,7,0.1944,0.1723,1.128,0.33,0.742300852225926,0.8363063910582755,0
Australia,36,opportunities,5,0.1389,0.1141,1.217,0.43,0.6675639880291298,0.7910292664273744,0
Australia,36,issues,3,0.0833,0.1068,0.78,-0.46,0.6453153938057228,0.7790645675538699,0
Australia,36,higher,4,0.1111,0.0752,1.477,0.71,0.47770517908169463,0.6467023206747349,0
Australia,36,non,3,0.0833,0.068,1.226,0.33,0.7380113441234104,0.8363063910582755,0
Australia,36,influence,3,0.0833,0.0947,0.88,-0.23,0.8189558345298411,0.8919225911819724,0
Australia,36,women,3,0.0833,0.0752,1.108,0.17,0.8632043649545753,0.9238673445193554,0
Australia,36,systemic,5,0.1389,0.0534,2.601,1.67,0.09518258702217519,0.25289441625922104,0
Australia,36,goals,3,0.0833,0.051,1.635,0.74,0.4568824786258947,0.632554132106492,0
Australia,36,perceptions,3,0.0833,0.0631,1.321,0.45,0.6550448330350465,0.7828583745715355,0
Australia,36,social support,3,0.0833,0.017,4.905,1.75,0.08032234794878446,0.23227267818131883,0
Australia,36,sectional,3,0.0833,0.017,4.905,1.75,0.08032234794878446,0.23227267818131883,0
Australia,36,experiences,3,0.0833,0.1214,0.687,-0.72,0.47038380998523843,0.6435737252964455,0
Australia,36,governance,3,0.0833,0.0801,1.04,0.07,0.9458039144913921,0.9698143891418358,0
Australia,36,organizations,4,0.1111,0.1529,0.727,-0.71,0.47736840921054613,0.6467023206747349,0
Australia,36,multi,3,0.0833,0.0388,2.146,1.07,0.2850144486179045,0.46533993456244865,0
Australia,36,football,3,0.0833,0.051,1.635,0.74,0.4568824786258947,0.632554132106492,0
Australia,36,optimal,6,0.1667,0.0146,11.444,3.05,0.002297702801439927,0.05473245903942801,0
Australia,36,aspects,4,0.1111,0.0947,1.174,0.31,0.7553705990210522,0.8464888859958475,0
Australia,36,importance,4,0.1111,0.0874,1.272,0.46,0.6478750722821525,0.779660416228199,0
Australia,36,broader,6,0.1667,0.0704,2.368,1.71,0.08655441160538313,0.23826264345515707,0
Australia,36,mental,7,0.1944,0.0655,2.967,2.21,0.027409778996420053,0.16535284742338693,0
Australia,36,covid,4,0.1111,0.0267,4.162,1.92,0.05517022675494854,0.19562267425705035,0
Australia,36,differences,3,0.0833,0.0825,1.01,0.02,0.9865318609170011,0.99313922789339,0
Australia,36,outcomes,7,0.1944,0.0898,2.165,1.72,0.08465899586164549,0.23618080226867466,0
Australia,36,themes,6,0.1667,0.0558,2.986,2.03,0.042530664043356925,0.18022736617662768,0
Australia,36,managers,6,0.1667,0.0461,3.614,2.25,0.024475638618165485,0.16327179913526108,0
Australia,36,collaboration,4,0.1111,0.0364,3.052,1.64,0.10007584269980851,0.2575358943715294,0
Australia,36,australian,17,0.4722,0.0146,32.426,6.14,8.441027876671114e-10,1.9604287243568666e-07,1
Australia,36,delivery,4,0.1111,0.0291,3.815,1.85,0.06468722206644473,0.2131008131195998,0
Australia,36,performance sport system,6,0.1667,0.0146,11.444,3.05,0.002297702801439927,0.05473245903942801,0
Australia,36,competitive,4,0.1111,0.165,0.673,-0.9,0.3683298109568178,0.5527922364763873,0
Australia,36,identification,3,0.0833,0.0704,1.184,0.28,0.779765119922671,0.8613576651702275,0
Australia,36,youth sport,4,0.1111,0.0752,1.477,0.71,0.47770517908169463,0.6467023206747349,0
Australia,36,concept,5,0.1389,0.0655,2.119,1.39,0.16352073567386394,0.33810646430376917,0
Australia,36,problems,3,0.0833,0.0485,1.717,0.81,0.4199019870562015,0.6010615500388462,0
Australia,36,psychological,5,0.1389,0.068,2.044,1.34,0.18017919471936117,0.3584292760048962,0
Australia,36,achievements,3,0.0833,0.034,2.452,1.21,0.22686373044632302,0.4062192586586874,0
Australia,36,robust,3,0.0833,0.0097,8.583,2.01,0.04428073921935183,0.18022736617662768,0
Australia,36,fans,4,0.1111,0.0218,5.086,2.06,0.039226021385650345,0.17776084813302034,0
Australia,36,application,3,0.0833,0.068,1.226,0.33,0.7380113441234104,0.8363063910582755,0
Australia,36,risks,3,0.0833,0.0316,2.641,1.28,0.20040136123958785,0.3748442300162311,0
Australia,36,cycling,4,0.1111,0.0073,15.259,2.53,0.01135625598157608,0.12814575653187232,0
Australia,36,mental health,6,0.1667,0.0388,4.292,2.42,0.015417316142100068,0.14479685760186756,0
Australia,36,events,3,0.0833,0.085,0.981,-0.03,0.9732447131908022,0.9859807399719249,0
Australia,36,evolution,3,0.0833,0.0194,4.292,1.67,0.09573659947479163,0.25289441625922104,0
Australia,36,demands,3,0.0833,0.0267,3.121,1.43,0.15295620787981523,0.32221387102119803,0
Australia,36,thinking,5,0.1389,0.0097,14.306,2.83,0.004594076101804179,0.07233723217925563,0
Australia,36,practical,6,0.1667,0.0777,2.146,1.56,0.11789078066827119,0.27797090162645666,0
Australia,36,pathways,6,0.1667,0.0534,3.121,2.08,0.03728016379559529,0.17776084813302034,0
Australia,36,dual,3,0.0833,0.0316,2.641,1.28,0.20040136123958785,0.3748442300162311,0
Australia,36,substantial,3,0.0833,0.0267,3.121,1.43,0.15295620787981523,0.32221387102119803,0
Australia,36,integrated,3,0.0833,0.0146,5.722,1.83,0.06665935908668774,0.21501577998610452,0
Australia,36,wellbeing,3,0.0833,0.0097,8.583,2.01,0.04428073921935183,0.18022736617662768,0
Australia,36,self,4,0.1111,0.0607,1.831,1.04,0.3004022820369028,0.48037458041503595,0
Australia,36,lens,3,0.0833,0.0194,4.292,1.67,0.09573659947479163,0.25289441625922104,0
Australia,36,ongoing,3,0.0833,0.0218,3.815,1.59,0.11295799984325727,0.2737137670798595,0
Australia,36,behaviors,3,0.0833,0.034,2.452,1.21,0.22686373044632302,0.4062192586586874,0
Australia,36,areas,3,0.0833,0.0485,1.717,0.81,0.4199019870562015,0.6010615500388462,0
Australia,36,hierarchical,5,0.1389,0.0121,11.444,2.76,0.005774493222725274,0.08382037818612156,0
Australia,36,relevant,3,0.0833,0.068,1.226,0.33,0.7380113441234104,0.8363063910582755,0
Australia,36,consumption,4,0.1111,0.0121,9.156,2.37,0.01787302175515504,0.1509457928230821,0
Australia,36,rating,3,0.0833,0.017,4.905,1.75,0.08032234794878446,0.23227267818131883,0
Australia,36,highest,4,0.1111,0.034,3.27,1.71,0.08709227910733142,0.23826264345515707,0
Australia,36,inclusive,3,0.0833,0.0316,2.641,1.28,0.20040136123958785,0.3748442300162311,0
Australia,36,prevalence,4,0.1111,0.0146,7.63,2.29,0.022066272658145092,0.1603635620793897,0
Australia,36,developmental,3,0.0833,0.034,2.452,1.21,0.22686373044632302,0.4062192586586874,0
Australia,36,recognition,4,0.1111,0.0243,4.578,1.99,0.046703533676893505,0.18462801185461303,0
Australia,36,ecological,3,0.0833,0.0267,3.121,1.43,0.15295620787981523,0.32221387102119803,0
Australia,36,anti,4,0.1111,0.0218,5.086,2.06,0.039226021385650345,0.17776084813302034,0
Australia,36,systematic,5,0.1389,0.0364,3.815,2.09,0.037049384529785456,0.17776084813302034,0
Australia,36,marketing,3,0.0833,0.0097,8.583,2.01,0.04428073921935183,0.18022736617662768,0
Australia,36,hierarchy,3,0.0833,0.0097,8.583,2.01,0.04428073921935183,0.18022736617662768,0
Australia,36,abuse,4,0.1111,0.0146,7.63,2.29,0.022066272658145092,0.1603635620793897,0
Australia,36,risky,3,0.0833,0.0049,17.167,2.2,0.027844725502375267,0.16535284742338693,0
Australia,36,institute,6,0.1667,0.0146,11.444,3.05,0.002297702801439927,0.05473245903942801,0
Australia,36,measures,3,0.0833,0.0534,1.561,0.68,0.49492324595064874,0.6589608120020574,0
Australia,36,previous,4,0.1111,0.0388,2.861,1.58,0.11429931834528895,0.2737137670798595,0
Australia,36,volunteers,3,0.0833,0.0097,8.583,2.01,0.04428073921935183,0.18022736617662768,0
Australia,36,clusters,3,0.0833,0.0049,17.167,2.2,0.027844725502375267,0.16535284742338693,0
Australia,36,rates,5,0.1389,0.0218,6.358,2.48,0.013240881397634352,0.1360828935587537,0
Australia,36,scores,3,0.0833,0.0121,6.867,1.92,0.0546748894911786,0.19562267425705035,0
Australia,36,symptoms,4,0.1111,0.0121,9.156,2.37,0.01787302175515504,0.1509457928230821,0
Australia,36,distress,3,0.0833,0.0049,17.167,2.2,0.027844725502375267,0.16535284742338693,0
Australia,36,statements,3,0.0833,0.0146,5.722,1.83,0.06665935908668774,0.21501577998610452,0
Australia,36,directions,4,0.1111,0.0146,7.63,2.29,0.022066272658145092,0.1603635620793897,0
Australia,36,teamwork,3,0.0833,0.0049,17.167,2.2,0.027844725502375267,0.16535284742338693,0
Australia,36,league,4,0.1111,0.034,3.27,1.71,0.08709227910733142,0.23826264345515707,0
Australia,36,older,3,0.0833,0.0049,17.167,2.2,0.027844725502375267,0.16535284742338693,0
United Kingdom,35,systems,18,0.5143,0.3777,1.362,1.56,0.11863112287338051,0.27877808077188115,0
United Kingdom,35,athletic,5,0.1429,0.1162,1.229,0.45,0.6523188505012243,0.781940918858887,0
United Kingdom,35,stakeholders,6,0.1714,0.138,1.242,0.52,0.59969707122332,0.745687186296931,0
United Kingdom,35,global,5,0.1429,0.0872,1.639,0.99,0.32142515428841834,0.5056393792234595,0
United Kingdom,35,athlete development,6,0.1714,0.1598,1.073,0.18,0.8590427034983821,0.9226019324277421,0
United Kingdom,35,performance sport,9,0.2571,0.1356,1.896,1.74,0.082203809883032,0.23227267818131883,0
United Kingdom,35,processes,7,0.2,0.0847,2.36,1.87,0.06099321031316429,0.20947959954823803,0
United Kingdom,35,programs,8,0.2286,0.1186,1.927,1.65,0.09924293477095247,0.2575358943715294,0
United Kingdom,35,environments,6,0.1714,0.0533,3.218,2.13,0.03355571221756559,0.17128162994570567,0
United Kingdom,35,association,3,0.0857,0.0702,1.221,0.33,0.742683285923657,0.8363063910582755,0
United Kingdom,35,organizational,3,0.0857,0.0605,1.416,0.55,0.5827090235938668,0.7345138167146571,0
United Kingdom,35,unique,3,0.0857,0.0533,1.609,0.72,0.46859468908063917,0.6420714840057725,0
United Kingdom,35,high performance,3,0.0857,0.0557,1.539,0.67,0.5058289554994366,0.667493039288319,0
United Kingdom,35,university,3,0.0857,0.0702,1.221,0.33,0.742683285923657,0.8363063910582755,0
United Kingdom,35,services,3,0.0857,0.0412,2.082,1.04,0.2991625307076924,0.48037458041503595,0
United Kingdom,35,facilities,3,0.0857,0.046,1.863,0.91,0.3631463412890481,0.5467794992828617,0
United Kingdom,35,coaches,6,0.1714,0.201,0.853,-0.43,0.6664285539612176,0.7906923711749312,0
United Kingdom,35,olympic,12,0.3429,0.2324,1.475,1.39,0.1659008032360898,0.34022482606253296,0
United Kingdom,35,countries,7,0.2,0.1356,1.475,0.98,0.3275659426088895,0.5132543626944925,0
United Kingdom,35,strategies,5,0.1429,0.1598,0.894,-0.27,0.7882003570153562,0.8682707538585556,0
United Kingdom,35,coaching,8,0.2286,0.0969,2.36,2.03,0.04265379233566757,0.18022736617662768,0
United Kingdom,35,insights,4,0.1143,0.092,1.242,0.42,0.6773930060192199,0.7992654216158407,0
United Kingdom,35,china,7,0.2,0.0993,2.015,1.6,0.10872421568922941,0.26830559886426597,0
United Kingdom,35,historical,4,0.1143,0.0508,2.248,1.31,0.19044022989692722,0.36781491387577003,0
United Kingdom,35,committee,3,0.0857,0.0605,1.416,0.55,0.5827090235938668,0.7345138167146571,0
United Kingdom,35,medals,5,0.1429,0.0799,1.788,1.14,0.2556795014615316,0.43423447323174197,0
United Kingdom,35,uk,6,0.1714,0.0097,17.7,3.2,0.0013673365043558317,0.04536627187666313,1
United Kingdom,35,elite,25,0.7143,0.4262,1.676,3.31,0.000945879143502415,0.03514886897254974,1
United Kingdom,35,games,9,0.2571,0.1308,1.967,1.82,0.06940145726074198,0.2201005567431247,0
United Kingdom,35,sport policy,6,0.1714,0.0944,1.815,1.29,0.19764999518596738,0.3748442300162311,0
United Kingdom,35,funding,3,0.0857,0.063,1.362,0.49,0.6221091183845466,0.755476301933652,0
United Kingdom,35,interventions,6,0.1714,0.0678,2.529,1.81,0.06967700840145996,0.2201005567431247,0
United Kingdom,35,paralympic,4,0.1143,0.0436,2.622,1.49,0.13637079714962197,0.30366210243144626,0
United Kingdom,35,olympic committee,3,0.0857,0.0412,2.082,1.04,0.2991625307076924,0.48037458041503595,0
United Kingdom,35,talent,6,0.1714,0.1017,1.686,1.15,0.24868919207936147,0.4269816794384113,0
United Kingdom,35,practitioners,5,0.1429,0.0799,1.788,1.14,0.2556795014615316,0.43423447323174197,0
United Kingdom,35,challenges,7,0.2,0.1646,1.215,0.52,0.6030163928631476,0.745687186296931,0
United Kingdom,35,implications,3,0.0857,0.1065,0.805,-0.4,0.6882162116546753,0.8062457258854897,0
United Kingdom,35,united,6,0.1714,0.046,3.726,2.29,0.022095302417827645,0.1603635620793897,0
United Kingdom,35,states,3,0.0857,0.0533,1.609,0.72,0.46859468908063917,0.6420714840057725,0
United Kingdom,35,identity,3,0.0857,0.0339,2.529,1.24,0.21452145110341303,0.39076554524523666,0
United Kingdom,35,expectations,4,0.1143,0.0339,3.371,1.74,0.08126977501287658,0.23227267818131883,0
United Kingdom,35,distinct,4,0.1143,0.0242,4.72,2.02,0.04387391984075628,0.18022736617662768,0
United Kingdom,35,teams,4,0.1143,0.0847,1.349,0.56,0.5751206140881902,0.731900069161546,0
United Kingdom,35,relationships,4,0.1143,0.0678,1.686,0.92,0.3586326634273094,0.5421986775816333,0
United Kingdom,35,characteristics,3,0.0857,0.0702,1.221,0.33,0.742683285923657,0.8363063910582755,0
United Kingdom,35,dynamics,5,0.1429,0.0702,2.034,1.34,0.1811016934840386,0.35949460095442703,0
United Kingdom,35,emergence,4,0.1143,0.0121,9.44,2.39,0.017060137452047153,0.1481202588126337,0
United Kingdom,35,values,3,0.0857,0.0847,1.011,0.02,0.9842804652841901,0.9928301327350844,0
United Kingdom,35,sporting,10,0.2857,0.155,1.844,1.79,0.07314806095656712,0.22200331763979458,0
United Kingdom,35,primary,5,0.1429,0.0412,3.471,2.0,0.04565861916011338,0.18362275844045597,0
United Kingdom,35,framework,6,0.1714,0.1743,0.983,-0.04,0.9651866799001179,0.9810267238809731,0
United Kingdom,35,opportunities,6,0.1714,0.1114,1.539,0.98,0.32762092258109154,0.5132543626944925,0
United Kingdom,35,issues,5,0.1429,0.1017,1.405,0.71,0.47540907673669786,0.6467023206747349,0
United Kingdom,35,higher,3,0.0857,0.0775,1.106,0.17,0.8643641059409439,0.9240440211957848,0
United Kingdom,35,women,3,0.0857,0.0751,1.142,0.22,0.8238663699321034,0.8930826810582544,0
United Kingdom,35,nations,3,0.0857,0.0605,1.416,0.55,0.5827090235938668,0.7345138167146571,0
United Kingdom,35,gender,3,0.0857,0.0654,1.311,0.44,0.6619853518068219,0.7874319997804579,0
United Kingdom,35,narratives,4,0.1143,0.0315,3.631,1.81,0.07036583999215074,0.2201005567431247,0
United Kingdom,35,experiences,4,0.1143,0.1186,0.963,-0.08,0.9384834193086891,0.9676482758465839,0
United Kingdom,35,governance,3,0.0857,0.0799,1.073,0.12,0.9046620276899282,0.9443045210381386,0
United Kingdom,35,organizations,7,0.2,0.1453,1.377,0.82,0.4108189783293277,0.5926255137701016,0
United Kingdom,35,football,3,0.0857,0.0508,1.686,0.79,0.4323255509480255,0.6120141070121887,0
United Kingdom,35,national sport,4,0.1143,0.0726,1.573,0.81,0.4163829384863371,0.5978666922006294,0
United Kingdom,35,convergence,3,0.0857,0.0121,7.08,1.94,0.05255333177835597,0.1953939398730417,0
United Kingdom,35,importance,3,0.0857,0.0896,0.957,-0.08,0.9379727956507424,0.9676482758465839,0
United Kingdom,35,learning,3,0.0857,0.0508,1.686,0.79,0.4323255509480255,0.6120141070121887,0
United Kingdom,35,communication,3,0.0857,0.0436,1.967,0.97,0.330454796884845,0.5142337033530142,0
United Kingdom,35,outcomes,3,0.0857,0.0993,0.863,-0.27,0.7903594810792032,0.8689277608551239,0
United Kingdom,35,themes,3,0.0857,0.063,1.362,0.49,0.6221091183845466,0.755476301933652,0
United Kingdom,35,advantage,3,0.0857,0.0436,1.967,0.97,0.330454796884845,0.5142337033530142,0
United Kingdom,35,competitive,4,0.1143,0.1646,0.694,-0.83,0.4089299130075119,0.5926255137701016,0
United Kingdom,35,identification,5,0.1429,0.0654,2.185,1.44,0.1495650463324789,0.31722814621660483,0
United Kingdom,35,concept,5,0.1429,0.0654,2.185,1.44,0.1495650463324789,0.31722814621660483,0
United Kingdom,35,talent identification,4,0.1143,0.0436,2.622,1.49,0.13637079714962197,0.30366210243144626,0
United Kingdom,35,wider,4,0.1143,0.0194,5.9,2.16,0.03085283994961885,0.17062249678089372,0
United Kingdom,35,ideas,3,0.0857,0.0121,7.08,1.94,0.05255333177835597,0.1953939398730417,0
United Kingdom,35,uk sport,4,0.1143,0.0024,47.2,2.71,0.0067137466158795345,0.09036154997130613,0
United Kingdom,35,careers,4,0.1143,0.0557,2.052,1.19,0.23265104618229593,0.411681565530196,0
United Kingdom,35,consequences,4,0.1143,0.0291,3.933,1.88,0.06053200209334175,0.20904918195061148,0
United Kingdom,35,events,3,0.0857,0.0847,1.011,0.02,0.9842804652841901,0.9928301327350844,0
United Kingdom,35,relation,7,0.2,0.0726,2.753,2.11,0.034997652490844855,0.1720254982221951,0
United Kingdom,35,democratic,4,0.1143,0.0218,5.244,2.09,0.0369386160523586,0.17776084813302034,0
United Kingdom,35,mechanisms,3,0.0857,0.0533,1.609,0.72,0.46859468908063917,0.6420714840057725,0
United Kingdom,35,pathways,3,0.0857,0.0605,1.416,0.55,0.5827090235938668,0.7345138167146571,0
United Kingdom,35,substantial,3,0.0857,0.0266,3.218,1.46,0.1449910067868596,0.31172577594335793,0
United Kingdom,35,questions,3,0.0857,0.0387,2.212,1.1,0.26935894802437943,0.4452570510936806,0
United Kingdom,35,elite sport development,3,0.0857,0.0097,8.85,2.03,0.042733641115332954,0.18022736617662768,0
United Kingdom,35,host,3,0.0857,0.0194,4.425,1.69,0.09121483651432838,0.2449091997740204,0
United Kingdom,35,barriers,3,0.0857,0.0363,2.36,1.17,0.2411229235967367,0.41979154986847417,0
United Kingdom,35,para,3,0.0857,0.0218,3.933,1.61,0.1074024474770845,0.26830559886426597,0
United Kingdom,35,sport management,4,0.1143,0.0363,3.147,1.68,0.09328757202424454,0.2490349264670206,0
United Kingdom,35,korea,3,0.0857,0.0266,3.218,1.46,0.1449910067868596,0.31172577594335793,0
United Kingdom,35,elite sports systems,3,0.0857,0.0073,11.8,2.12,0.0342988653748022,0.17170543149796128,0
United Kingdom,35,beijing,3,0.0857,0.0097,8.85,2.03,0.042733641115332954,0.18022736617662768,0
United Kingdom,35,secondary,3,0.0857,0.0097,8.85,2.03,0.042733641115332954,0.18022736617662768,0
United Kingdom,35,discourse,3,0.0857,0.0169,5.057,1.77,0.07671697852617965,0.2306474856013621,0
China,34,systems,4,0.1176,0.4106,0.287,-3.73,0.00019531286081142518,0.010080313760767444,1
China,34,athletic,5,0.1471,0.1159,1.268,0.52,0.6057735874286712,0.7463709054658296,0
China,34,programs,3,0.0882,0.1304,0.676,-0.76,0.44844916614653374,0.6274236074550148,0
China,34,injury,7,0.2059,0.0604,3.409,2.4,0.01636562976124445,0.14479685760186756,0
China,34,integration,3,0.0882,0.0556,1.588,0.71,0.47823949871210214,0.6467023206747349,0
China,34,evaluation,3,0.0882,0.0507,1.739,0.83,0.40828334756221674,0.5926255137701016,0
China,34,university,4,0.1176,0.0676,1.739,0.97,0.33356790215657384,0.5156149435997622,0
China,34,accuracy,4,0.1176,0.0217,5.412,2.11,0.034747708419393675,0.17170543149796128,0
China,34,athlete performance,5,0.1471,0.0314,4.683,2.27,0.022957887226998208,0.16157482752940405,0
China,34,fitness,3,0.0882,0.0217,4.059,1.64,0.10202556084672887,0.2592359906574293,0
China,34,coaches,3,0.0882,0.2077,0.425,-1.89,0.05925027090621704,0.20554289495343742,0
China,34,olympic,7,0.2059,0.244,0.844,-0.51,0.6092054672017795,0.7486135966011285,0
China,34,countries,4,0.1176,0.1425,0.826,-0.41,0.6786333405633245,0.7992654216158407,0
China,34,strategies,8,0.2353,0.1522,1.546,1.18,0.23845080901078086,0.41717665079287275,0
China,34,models,3,0.0882,0.0773,1.142,0.22,0.8238654746818417,0.8930826810582544,0
China,34,comprehensive,4,0.1176,0.0628,1.873,1.07,0.2832604839795605,0.4632904746778375,0
China,34,china,22,0.6471,0.0628,10.303,6.84,7.684519687245484e-12,2.3796395964836847e-09,1
China,34,historical,5,0.1471,0.0483,3.044,1.86,0.062261925843986266,0.21034172914315338,0
China,34,medals,7,0.2059,0.0749,2.75,2.11,0.034527574700191854,0.17170543149796128,0
China,34,tool,3,0.0882,0.0628,1.405,0.54,0.589510316043593,0.7365280300151472,0
China,34,gold,4,0.1176,0.0121,9.741,2.4,0.01627279601238163,0.14479685760186756,0
China,34,prediction,4,0.1176,0.0024,48.706,2.72,0.006545782862607652,0.09036154997130613,0
China,34,algorithm,3,0.0882,0.0121,7.306,1.96,0.05048717374604106,0.1922237065986563,0
China,34,gold medal,4,0.1176,0.0048,24.353,2.64,0.00835377707730256,0.10487376898397403,0
China,34,elite,14,0.4118,0.4517,0.912,-0.45,0.6513918996476202,0.7818385978974667,0
China,34,games,5,0.1471,0.1401,1.05,0.11,0.9113856146069095,0.9502550347584948,0
China,34,policies,3,0.0882,0.1353,0.652,-0.84,0.4027424086133906,0.5882825433991193,0
China,34,sport policy,3,0.0882,0.1014,0.87,-0.25,0.8004254190314444,0.8768811489153442,0
China,34,implementation,5,0.1471,0.0652,2.255,1.49,0.13638963872952758,0.30366210243144626,0
China,34,interventions,4,0.1176,0.0725,1.624,0.86,0.3878443526367401,0.5710101483352322,0
China,34,talent,3,0.0882,0.1087,0.812,-0.38,0.7002899851182314,0.8121964995940536,0
China,34,academic,3,0.0882,0.0725,1.218,0.33,0.7450179611804062,0.8369065126198275,0
China,34,identity,3,0.0882,0.0338,2.609,1.27,0.20256264479874453,0.37636139403606733,0
China,34,transition,3,0.0882,0.07,1.26,0.38,0.7057083858115507,0.8174602124924322,0
China,34,schools,3,0.0882,0.0362,2.435,1.21,0.22757620341729945,0.40657364033590615,0
China,34,characteristics,7,0.2059,0.0604,3.409,2.4,0.01636562976124445,0.14479685760186756,0
China,34,dynamics,4,0.1176,0.0725,1.624,0.86,0.3878443526367401,0.5710101483352322,0
China,34,virtual,3,0.0882,0.0072,12.176,2.13,0.03324291917905464,0.17062249678089372,0
China,34,establishment,3,0.0882,0.0266,3.321,1.49,0.13728534232638046,0.30366210243144626,0
China,34,limited,4,0.1176,0.0435,2.706,1.53,0.12662564878571514,0.289030043542824,0
China,34,framework,3,0.0882,0.1812,0.487,-1.53,0.12708773758672365,0.2893737946521232,0
China,34,issues,3,0.0882,0.1063,0.83,-0.34,0.7328334892453907,0.8353402595202061,0
China,34,influence,4,0.1176,0.0918,1.282,0.47,0.6359237301167577,0.7692358662480051,0
China,34,sustainable,3,0.0882,0.0531,1.66,0.77,0.44276625519032287,0.6213441859090785,0
China,34,lower,4,0.1176,0.0242,4.871,2.04,0.04116793372082128,0.1795540395617041,0
China,34,experiences,3,0.0882,0.1208,0.731,-0.6,0.5510449570060478,0.7107461057737438,0
China,34,transformation,4,0.1176,0.0097,12.176,2.48,0.013163332743565626,0.1360828935587537,0
China,34,status,5,0.1471,0.0628,2.342,1.54,0.12329572685297352,0.28291288461376074,0
China,34,technologies,4,0.1176,0.0242,4.871,2.04,0.04116793372082128,0.1795540395617041,0
China,34,era,3,0.0882,0.0266,3.321,1.49,0.13728534232638046,0.30366210243144626,0
China,34,aspects,5,0.1471,0.0918,1.602,0.96,0.3393889546675726,0.5211443617953305,0
China,34,advanced,4,0.1176,0.0169,6.958,2.25,0.024185679756282275,0.16327179913526108,0
China,34,differences,5,0.1471,0.0773,1.903,1.24,0.21529599752050332,0.3913396705338766,0
China,34,competitive,6,0.1765,0.1594,1.107,0.26,0.7982089240249886,0.8754853487830159,0
China,34,psychological,3,0.0882,0.0725,1.218,0.33,0.7450179611804062,0.8369065126198275,0
China,34,skills,3,0.0882,0.0652,1.353,0.48,0.6278449159799371,0.760511647791043,0
China,34,intelligence,3,0.0882,0.0193,4.566,1.71,0.08683504208399317,0.23826264345515707,0
China,34,monitoring,4,0.1176,0.0048,24.353,2.64,0.00835377707730256,0.10487376898397403,0
China,34,artificial intelligence,3,0.0882,0.0072,12.176,2.13,0.03324291917905464,0.17062249678089372,0
China,34,devices,3,0.0882,0.0048,18.265,2.22,0.02645256001128926,0.16535284742338693,0
China,34,application,6,0.1765,0.0604,2.922,2.01,0.04403046484294104,0.18022736617662768,0
China,34,players,3,0.0882,0.0797,1.107,0.17,0.8632035495773411,0.9238673445193554,0
China,34,careers,3,0.0882,0.058,1.522,0.65,0.5145952245120258,0.6746008705280607,0
China,34,lives,3,0.0882,0.0242,3.653,1.56,0.118833283084677,0.27877808077188115,0
China,34,relation,4,0.1176,0.0797,1.476,0.71,0.47582365430663764,0.6467023206747349,0
China,34,mechanisms,3,0.0882,0.0531,1.66,0.77,0.44276625519032287,0.6213441859090785,0
China,34,practical,4,0.1176,0.0821,1.433,0.66,0.5066691943302264,0.6676534489826671,0
China,34,pathways,4,0.1176,0.058,2.029,1.18,0.23723735983385175,0.4158368061993364,0
China,34,self,3,0.0882,0.0628,1.405,0.54,0.589510316043593,0.7365280300151472,0
China,34,conditions,3,0.0882,0.0845,1.044,0.07,0.9412424539106399,0.9694171171651713,0
China,34,requirements,4,0.1176,0.0145,8.118,2.33,0.019927485619108065,0.15644623368965352,0
China,34,parameters,3,0.0882,0.0072,12.176,2.13,0.03324291917905464,0.17062249678089372,0
China,34,features,3,0.0882,0.029,3.044,1.41,0.15739444288587778,0.3308132068800463,0
China,34,sports training,4,0.1176,0.0242,4.871,2.04,0.04116793372082128,0.1795540395617041,0
China,34,post,5,0.1471,0.0531,2.767,1.75,0.07942351334599906,0.23227267818131883,0
China,34,competitive sports,5,0.1471,0.0145,10.147,2.73,0.006391725373621204,0.08996837684991058,0
China,34,technical,3,0.0882,0.0048,18.265,2.22,0.02645256001128926,0.16535284742338693,0
China,34,foundation,4,0.1176,0.029,4.059,1.91,0.05656650263173901,0.1990540944882028,0
China,34,scientific,3,0.0882,0.0338,2.609,1.27,0.20256264479874453,0.37636139403606733,0
China,34,distinctive,3,0.0882,0.0072,12.176,2.13,0.03324291917905464,0.17062249678089372,0
China,34,retirement,5,0.1471,0.0097,15.221,2.87,0.004159287826977831,0.06662031709073112,0
China,34,intelligent,5,0.1471,0.0048,30.441,3.01,0.00261720315743319,0.056543761238498455,0
China,34,sensors,3,0.0882,0.0072,12.176,2.13,0.03324291917905464,0.17062249678089372,0
Russian Federation,28,systems,8,0.2857,0.3952,0.723,-1.18,0.23634520537375536,0.4157205994755568,0
Russian Federation,28,participation,5,0.1786,0.1119,1.596,0.97,0.3323372716587216,0.5145688756182539,0
Russian Federation,28,athletic,3,0.1071,0.119,0.9,-0.19,0.8472832094065648,0.9141998856430879,0
Russian Federation,28,global,11,0.3929,0.0714,5.5,3.9,9.595515475080418e-05,0.00563227794473073,1
Russian Federation,28,educational,6,0.2143,0.069,3.103,2.13,0.03284722305231358,0.17062249678089372,0
Russian Federation,28,university,5,0.1786,0.0643,2.778,1.79,0.07302090545437934,0.22200331763979458,0
Russian Federation,28,mass,5,0.1786,0.0262,6.818,2.58,0.010013274785456439,0.11775104146441812,0
Russian Federation,28,elements,3,0.1071,0.0429,2.5,1.25,0.21112333230536562,0.38608971596788316,0
Russian Federation,28,standards,7,0.25,0.0238,10.5,3.37,0.0007480816011873337,0.02895699197929304,1
Russian Federation,28,efficient,3,0.1071,0.0286,3.75,1.6,0.10945944237842498,0.26830559886426597,0
Russian Federation,28,infrastructure,4,0.1429,0.0214,6.667,2.27,0.02346634190936192,0.16268829577460617,0
Russian Federation,28,progress,8,0.2857,0.0119,24.0,3.94,8.090339082689191e-05,0.005368517862727327,1
Russian Federation,28,fitness,4,0.1429,0.019,7.5,2.33,0.020039937361753246,0.15644623368965352,0
Russian Federation,28,olympic,11,0.3929,0.231,1.701,1.79,0.07336385200798379,0.22200331763979458,0
Russian Federation,28,countries,3,0.1071,0.1429,0.75,-0.55,0.5800694105200286,0.7345138167146571,0
Russian Federation,28,comprehensive,3,0.1071,0.0643,1.667,0.78,0.43282375490528313,0.6120141070121887,0
Russian Federation,28,historical,5,0.1786,0.0476,3.75,2.12,0.034137312844786605,0.17170543149796128,0
Russian Federation,28,committee,4,0.1429,0.0571,2.5,1.46,0.14323490752466972,0.3116483397668382,0
Russian Federation,28,tool,3,0.1071,0.0619,1.731,0.83,0.4047247539193446,0.5902500728274271,0
Russian Federation,28,elite,11,0.3929,0.4524,0.868,-0.62,0.5369868705005929,0.6996645199089071,0
Russian Federation,28,games,5,0.1786,0.1381,1.293,0.57,0.5699819407478341,0.7273533282345301,0
Russian Federation,28,policies,6,0.2143,0.1262,1.698,1.2,0.22978450070292689,0.4093503200285336,0
Russian Federation,28,implementation,3,0.1071,0.069,1.552,0.69,0.49105768539155825,0.6582865652651625,0
Russian Federation,28,domain,3,0.1071,0.0286,3.75,1.6,0.10945944237842498,0.26830559886426597,0
Russian Federation,28,possibilities,3,0.1071,0.031,3.462,1.54,0.12364115301742395,0.28291288461376074,0
Russian Federation,28,academic,5,0.1786,0.0667,2.679,1.75,0.08046491750573082,0.23227267818131883,0
Russian Federation,28,efforts,4,0.1429,0.0571,2.5,1.46,0.14323490752466972,0.3116483397668382,0
Russian Federation,28,teams,4,0.1429,0.0833,1.714,0.96,0.33558265110944285,0.5178675795360006,0
Russian Federation,28,competitions,5,0.1786,0.0619,2.885,1.84,0.06608590822874483,0.214897948901236,0
Russian Federation,28,activity,4,0.1429,0.0952,1.5,0.75,0.45122712242274066,0.6290759242117765,0
Russian Federation,28,actors,3,0.1071,0.0524,2.045,1.04,0.30038512437913445,0.48037458041503595,0
Russian Federation,28,avenues,3,0.1071,0.0119,9.0,2.06,0.03917726226887552,0.17776084813302034,0
Russian Federation,28,youth,7,0.25,0.1143,2.188,1.8,0.0716168209583925,0.2212512110281374,0
Russian Federation,28,federations,3,0.1071,0.0881,1.216,0.33,0.742300396962762,0.8363063910582755,0
Russian Federation,28,sector,3,0.1071,0.0429,2.5,1.25,0.21112333230536562,0.38608971596788316,0
Russian Federation,28,priority,6,0.2143,0.0238,9.0,3.01,0.002582673282851111,0.056543761238498455,0
Russian Federation,28,sport sector,3,0.1071,0.019,5.625,1.86,0.06339686131332933,0.21034172914315338,0
Russian Federation,28,opportunities,3,0.1071,0.1167,0.918,-0.15,0.876992944315788,0.932181287493555,0
Russian Federation,28,issues,6,0.2143,0.0976,2.195,1.65,0.09945022034420647,0.2575358943715294,0
Russian Federation,28,higher,3,0.1071,0.0762,1.406,0.55,0.5826079567052045,0.7345138167146571,0
Russian Federation,28,goals,3,0.1071,0.05,2.143,1.09,0.27655689949295903,0.45312409105636503,0
Russian Federation,28,organizations,3,0.1071,0.1524,0.703,-0.69,0.49036679635613645,0.6582865652651625,0
Russian Federation,28,international sport,5,0.1786,0.0476,3.75,2.12,0.034137312844786605,0.17170543149796128,0
Russian Federation,28,interests,4,0.1429,0.0143,10.0,2.45,0.014357403055250906,0.14189390891838394,0
Russian Federation,28,football,3,0.1071,0.05,2.143,1.09,0.27655689949295903,0.45312409105636503,0
Russian Federation,28,status,4,0.1429,0.0643,2.222,1.32,0.18645201748687068,0.3642929068161826,0
Russian Federation,28,children,5,0.1786,0.0286,6.25,2.52,0.011662614653130454,0.12814575653187232,0
Russian Federation,28,national sport,4,0.1429,0.0714,2.0,1.18,0.23672357063785743,0.4157205994755568,0
Russian Federation,28,due,5,0.1786,0.031,5.769,2.47,0.013524385640760306,0.13656689413332962,0
Russian Federation,28,aspects,5,0.1786,0.0905,1.974,1.32,0.18590619294162547,0.3642929068161826,0
Russian Federation,28,mental,3,0.1071,0.0738,1.452,0.6,0.5516124243949077,0.7107461057737438,0
Russian Federation,28,differences,3,0.1071,0.081,1.324,0.46,0.645726283117847,0.7790645675538699,0
Russian Federation,28,comparative,3,0.1071,0.031,3.462,1.54,0.12364115301742395,0.28291288461376074,0
Russian Federation,28,formats,4,0.1429,0.0119,12.0,2.51,0.012038359093403006,0.12854753560656773,0
Russian Federation,28,competitive,12,0.4286,0.1429,3.0,3.24,0.001193745444872052,0.04107368586244949,1
Russian Federation,28,youth sport,5,0.1786,0.0714,2.5,1.66,0.09694463109083351,0.25369454164333616,0
Russian Federation,28,problems,4,0.1429,0.0452,3.158,1.71,0.08662891674173223,0.23826264345515707,0
Russian Federation,28,crisis,4,0.1429,0.0238,6.0,2.21,0.02732544394161418,0.16535284742338693,0
Russian Federation,28,psychological,3,0.1071,0.0714,1.5,0.64,0.5210751666671833,0.6808422360531833,0
Russian Federation,28,skills,4,0.1429,0.0619,2.308,1.37,0.1712602453430505,0.3451209716349109,0
Russian Federation,28,socio,3,0.1071,0.0452,2.368,1.2,0.2318943487778924,0.41112566796691224,0
Russian Federation,28,principles,4,0.1429,0.0357,4.0,1.93,0.05422099630917643,0.19562267425705035,0
Russian Federation,28,regulation,4,0.1429,0.0381,3.75,1.87,0.06133310126708369,0.20947959954823803,0
Russian Federation,28,ioc,3,0.1071,0.0095,11.25,2.13,0.03284366194340316,0.17062249678089372,0
Russian Federation,28,application,3,0.1071,0.0667,1.607,0.74,0.4616207038295228,0.6372149091495196,0
Russian Federation,28,disciplines,3,0.1071,0.031,3.462,1.54,0.12364115301742395,0.28291288461376074,0
Russian Federation,28,players,3,0.1071,0.0786,1.364,0.5,0.6139998763640895,0.7496563140213406,0
Russian Federation,28,russia,14,0.5,0.0167,30.0,5.66,1.536843408089794e-08,2.379545876859031e-06,1
Russian Federation,28,reactions,3,0.1071,0.0119,9.0,2.06,0.03917726226887552,0.17776084813302034,0
Russian Federation,28,events,6,0.2143,0.0762,2.812,2.01,0.04463503930418411,0.180286745711248,0
Russian Federation,28,institutional,4,0.1429,0.05,2.857,1.61,0.10701782266802407,0.26830559886426597,0
Russian Federation,28,mechanisms,3,0.1071,0.0524,2.045,1.04,0.30038512437913445,0.48037458041503595,0
Russian Federation,28,adaptation,5,0.1786,0.0167,10.714,2.79,0.00519201537133096,0.0803897046661077,0
Russian Federation,28,conditions,8,0.2857,0.0714,4.0,2.87,0.004149080278563977,0.06662031709073112,0
Russian Federation,28,benefits,4,0.1429,0.0381,3.75,1.87,0.06133310126708369,0.20947959954823803,0
Russian Federation,28,features,3,0.1071,0.0286,3.75,1.6,0.10945944237842498,0.26830559886426597,0
Russian Federation,28,motor,3,0.1071,0.0048,22.5,2.28,0.02247013015380861,0.16057500702221691,0
Russian Federation,28,sports training,3,0.1071,0.0262,4.091,1.66,0.09636665592654925,0.25289441625922104,0
Russian Federation,28,relevant,12,0.4286,0.0452,9.474,4.62,3.852578314811339e-06,0.0004473806568074668,1
Russian Federation,28,rating,3,0.1071,0.0167,6.429,1.92,0.05440546493067777,0.19562267425705035,0
Russian Federation,28,union,3,0.1071,0.0143,7.5,1.99,0.0463477442003708,0.18462801185461303,0
Russian Federation,28,amateur,3,0.1071,0.0238,4.5,1.73,0.08434331635434877,0.23610965516352475,0
Russian Federation,28,documents,3,0.1071,0.0214,5.0,1.79,0.07336385200798379,0.22200331763979458,0
Russian Federation,28,projects,3,0.1071,0.0071,15.0,2.21,0.027293331871344195,0.16535284742338693,0
Russian Federation,28,initiatives,3,0.1071,0.0286,3.75,1.6,0.10945944237842498,0.26830559886426597,0
Russian Federation,28,means,3,0.1071,0.0214,5.0,1.79,0.07336385200798379,0.22200331763979458,0
Russian Federation,28,leaders,5,0.1786,0.0286,6.25,2.52,0.011662614653130454,0.12814575653187232,0
Russian Federation,28,sport management,3,0.1071,0.0381,2.812,1.36,0.1728200572465921,0.3475104614330824,0
Russian Federation,28,trends,5,0.1786,0.05,3.571,2.07,0.03840951986701979,0.17776084813302034,0
Russian Federation,28,doping,3,0.1071,0.0286,3.75,1.6,0.10945944237842498,0.26830559886426597,0
Russian Federation,28,governmental,3,0.1071,0.019,5.625,1.86,0.06339686131332933,0.21034172914315338,0
Russian Federation,28,prospects,3,0.1071,0.0119,9.0,2.06,0.03917726226887552,0.17776084813302034,0
Russian Federation,28,commercialisation,3,0.1071,0.019,5.625,1.86,0.06339686131332933,0.21034172914315338,0
Russian Federation,28,intellectual,4,0.1429,0.0048,30.0,2.71,0.00680872820020606,0.09036154997130613,0
Russian Federation,28,specifics,3,0.1071,0.0048,22.5,2.28,0.02247013015380861,0.16057500702221691,0
Norway,22,systems,16,0.7273,0.3709,1.961,3.28,0.0010534462108651166,0.03764044345744974,1
Norway,22,participation,4,0.1818,0.1127,1.614,0.89,0.3721507198164158,0.5567278884210148,0
Norway,22,stakeholders,3,0.1364,0.1408,0.968,-0.06,0.9526968801556583,0.9725883534775897,0
Norway,22,athlete development,12,0.5455,0.1408,3.873,3.9,9.700371056586832e-05,0.00563227794473073,1
Norway,22,processes,6,0.2727,0.0845,3.227,2.25,0.024605007404667978,0.16327179913526108,0
Norway,22,programs,3,0.1364,0.1268,1.076,0.13,0.8966115968045205,0.9380092043146392,0
Norway,22,association,3,0.1364,0.0681,2.003,1.03,0.3025247518641352,0.48206774353650356,0
Norway,22,elements,4,0.1818,0.0399,4.556,2.07,0.038698361894919264,0.17776084813302034,0
Norway,22,coaches,11,0.5,0.1831,2.731,3.06,0.0022399756631221734,0.05473245903942801,0
Norway,22,olympic,5,0.2273,0.2418,0.94,-0.16,0.8755232214066926,0.932181287493555,0
Norway,22,countries,3,0.1364,0.1408,0.968,-0.06,0.9526968801556583,0.9725883534775897,0
Norway,22,strategies,3,0.1364,0.1596,0.854,-0.3,0.7644737970402384,0.8525764195082611,0
Norway,22,coaching,6,0.2727,0.0986,2.766,2.05,0.04052603281902978,0.1795540395617041,0
Norway,22,settings,3,0.1364,0.0493,2.766,1.37,0.1699719812971614,0.3447684948145479,0
Norway,22,elite,19,0.8636,0.4272,2.021,4.17,3.013120383377199e-05,0.0024233329707211704,1
Norway,22,games,6,0.2727,0.1338,2.038,1.58,0.1143482150100239,0.2737137670798595,0
Norway,22,sport policy,6,0.2727,0.0915,2.979,2.15,0.03178937192383802,0.17062249678089372,0
Norway,22,implementation,3,0.1364,0.0681,2.003,1.03,0.3025247518641352,0.48206774353650356,0
Norway,22,talent,12,0.5455,0.0845,6.455,4.54,5.659168616611865e-06,0.0005841519605369358,1
Norway,22,challenges,6,0.2727,0.162,1.684,1.23,0.21936147636699,0.39647239600181655,0
Norway,22,academic,4,0.1818,0.0681,2.671,1.57,0.11564019579665485,0.2740554640180927,0
Norway,22,expectations,4,0.1818,0.0329,5.532,2.2,0.02774155364797526,0.16535284742338693,0
Norway,22,schools,4,0.1818,0.0329,5.532,2.2,0.02774155364797526,0.16535284742338693,0
Norway,22,teams,3,0.1364,0.0845,1.614,0.76,0.44921437856684276,0.6275491093061608,0
Norway,22,characteristics,4,0.1818,0.0657,2.766,1.61,0.10689125579205117,0.26830559886426597,0
Norway,22,dynamics,3,0.1364,0.0728,1.874,0.95,0.3418299138579277,0.5231630806820673,0
Norway,22,actors,3,0.1364,0.0516,2.64,1.33,0.1842466152661233,0.3626379355555689,0
Norway,22,youth,9,0.4091,0.108,3.789,3.15,0.001657761425022386,0.05133534546152656,0
Norway,22,values,3,0.1364,0.0822,1.66,0.79,0.42679182931933846,0.6081128979105298,0
Norway,22,clubs,5,0.2273,0.0869,2.617,1.77,0.0775495172130678,0.23173532483430154,0
Norway,22,federations,4,0.1818,0.0845,2.152,1.31,0.19018723796934278,0.36781491387577003,0
Norway,22,sporting,6,0.2727,0.1596,1.709,1.26,0.20885578860208498,0.3842362719132334,0
Norway,22,framework,6,0.2727,0.169,1.614,1.14,0.2528298070912822,0.4317626668893404,0
Norway,22,opportunities,6,0.2727,0.108,2.526,1.92,0.05493493125579363,0.19562267425705035,0
Norway,22,nations,3,0.1364,0.0587,2.324,1.2,0.2310837458114947,0.4104718926555996,0
Norway,22,multi,3,0.1364,0.0376,3.631,1.6,0.10875949617254665,0.26830559886426597,0
Norway,22,football,3,0.1364,0.0493,2.766,1.37,0.1699719812971614,0.3447684948145479,0
Norway,22,aspects,3,0.1364,0.0939,1.452,0.61,0.5428251857885333,0.7043080972032786,0
Norway,22,broader,3,0.1364,0.0751,1.815,0.91,0.36231095669636537,0.5464072707320186,0
Norway,22,outcomes,3,0.1364,0.0962,1.417,0.57,0.5670648609035278,0.7246262115259661,0
Norway,22,managers,3,0.1364,0.0516,2.64,1.33,0.1842466152661233,0.3626379355555689,0
Norway,22,identification,9,0.4091,0.054,7.577,3.85,0.00011793285693739719,0.006444683770284823,1
Norway,22,youth sport,4,0.1818,0.0728,2.499,1.5,0.13454047317132067,0.3024637060974483,0
Norway,22,talent identification,9,0.4091,0.0305,13.406,4.18,2.8987519676837437e-05,0.0024233329707211704,1
Norway,22,risks,3,0.1364,0.0305,4.469,1.75,0.08001349947080239,0.23227267818131883,0
Norway,22,players,6,0.2727,0.0704,3.873,2.45,0.01411546519974971,0.14100287280180088,0
Norway,22,institutional,3,0.1364,0.0516,2.64,1.33,0.1842466152661233,0.3626379355555689,0
Norway,22,mechanisms,4,0.1818,0.0493,3.688,1.9,0.0579628746047387,0.2024342500293318,0
Norway,22,national elite,3,0.1364,0.0164,8.299,2.07,0.038919287350546394,0.17776084813302034,0
Norway,22,norwegian,13,0.5909,0.0117,50.345,5.77,7.769604515317496e-09,1.4435925189459907e-06,1
Norway,22,normative,4,0.1818,0.0141,12.909,2.58,0.009853288576363806,0.11735519342874329,0
Norway,22,handball,5,0.2273,0.0094,24.205,3.09,0.0020334293915538204,0.05473245903942801,0
Norway,22,regional,3,0.1364,0.0235,5.809,1.9,0.05689548003126932,0.19945622999641208,0
Norway,22,complexity,4,0.1818,0.0211,8.606,2.43,0.014930812801937199,0.1430107089438379,0
Norway,22,leaders,3,0.1364,0.0329,4.149,1.7,0.08895061711021324,0.24162316753037455,0
Norway,22,sport management,3,0.1364,0.0376,3.631,1.6,0.10875949617254665,0.26830559886426597,0
Norway,22,trends,3,0.1364,0.054,2.526,1.28,0.19919465742122977,0.3748442300162311,0
Norway,22,ecological,3,0.1364,0.0258,5.281,1.85,0.06400310735598502,0.211597461685801,0
Norway,22,developments,3,0.1364,0.0117,11.618,2.18,0.0294910452268089,0.17062249678089372,0
Norway,22,modern elite,3,0.1364,0.0047,29.045,2.35,0.018667273313076382,0.1521219027004207,0
Norway,22,pillars,3,0.1364,0.0094,14.523,2.23,0.025467617007350674,0.16535284742338693,0
Spain,18,systems,4,0.2222,0.3953,0.562,-1.56,0.11932427753817043,0.27922482073793536,0
Spain,18,global,3,0.1667,0.0884,1.886,0.98,0.32923448833584956,0.5142337033530142,0
Spain,18,educational,3,0.1667,0.0744,2.24,1.18,0.2389418439507378,0.41724994930495385,0
Spain,18,integration,4,0.2222,0.0512,4.343,2.07,0.0384733070395431,0.17776084813302034,0
Spain,18,coaches,4,0.2222,0.1977,1.124,0.25,0.8021773191236246,0.8777652879456387,0
Spain,18,olympic,4,0.2222,0.2419,0.919,-0.19,0.8466715106712939,0.9141998856430879,0
Spain,18,tool,5,0.2778,0.0558,4.977,2.47,0.01332997127432356,0.1360828935587537,0
Spain,18,elite,3,0.1667,0.4605,0.362,-2.63,0.008483655161003467,0.10508420859429628,0
Spain,18,policies,3,0.1667,0.1302,1.28,0.43,0.6701540791011502,0.7930868018916797,0
Spain,18,ecosystem,3,0.1667,0.0953,1.748,0.88,0.3796380093675005,0.5642939371238528,0
Spain,18,federations,6,0.3333,0.0791,4.216,2.61,0.008994879586681881,0.10995056757930878,0
Spain,18,women,5,0.2778,0.0674,4.119,2.31,0.0206988278317346,0.15905907395383267,0
Spain,18,gender,3,0.1667,0.0628,2.654,1.35,0.175484096072839,0.3498384662052949,0
Spain,18,greater,5,0.2778,0.0349,7.963,2.78,0.005436398739967263,0.08279367917097684,0
Spain,18,perceptions,3,0.1667,0.0605,2.756,1.39,0.1641399519924649,0.33810646430376917,0
Spain,18,men,3,0.1667,0.0395,4.216,1.74,0.08225803134731313,0.23227267818131883,0
Spain,18,de,5,0.2778,0.0256,10.859,2.92,0.0034744166973095236,0.06662031709073112,0
Spain,18,international sport,3,0.1667,0.0512,3.258,1.54,0.12329739659771977,0.28291288461376074,0
Spain,18,athletics,3,0.1667,0.0395,4.216,1.74,0.08225803134731313,0.23227267818131883,0
Spain,18,interactions,3,0.1667,0.0535,3.116,1.5,0.13282991243859654,0.2995121083870296,0
Spain,18,aspects,4,0.2222,0.0907,2.45,1.5,0.13237099228506888,0.2995121083870296,0
Spain,18,importance,3,0.1667,0.086,1.937,1.01,0.3131775509664618,0.4981882617257586,0
Spain,18,covid,3,0.1667,0.0279,5.972,1.95,0.05162779989433064,0.1953939398730417,0
Spain,18,differences,3,0.1667,0.0791,2.108,1.11,0.26739002013425717,0.4435809441155802,0
Spain,18,ability,3,0.1667,0.0488,3.413,1.58,0.11421277349209902,0.2737137670798595,0
Spain,18,competitive,4,0.2222,0.1581,1.405,0.68,0.4973112266011763,0.660003042160704,0
Spain,18,identification,3,0.1667,0.0674,2.471,1.28,0.19952887020025445,0.3748442300162311,0
Spain,18,concept,3,0.1667,0.0674,2.471,1.28,0.19952887020025445,0.3748442300162311,0
Spain,18,beliefs,3,0.1667,0.0256,6.515,1.99,0.04664664794865736,0.18462801185461303,0
Spain,18,application,3,0.1667,0.0651,2.56,1.32,0.18728108339491478,0.3642929068161826,0
Spain,18,protocols,3,0.1667,0.014,11.944,2.21,0.02678826970773107,0.16535284742338693,0
Spain,18,relation,3,0.1667,0.0791,2.108,1.11,0.26739002013425717,0.4435809441155802,0
Spain,18,spain,7,0.3889,0.0,0.0,4.08,4.4220886290524675e-05,0.003160092566453648,1
Spain,18,methodological,4,0.2222,0.0233,9.556,2.52,0.011724853934563129,0.12814575653187232,0
Spain,18,self,3,0.1667,0.0605,2.756,1.39,0.1641399519924649,0.33810646430376917,0
Spain,18,team sports,3,0.1667,0.0233,7.167,2.03,0.04201974045090928,0.18022736617662768,0
Spain,18,promotion,3,0.1667,0.0326,5.119,1.86,0.06270180610421083,0.21034172914315338,0
Spain,18,variables,4,0.2222,0.0395,5.621,2.25,0.02435602050260588,0.16327179913526108,0
Spain,18,measures,3,0.1667,0.0512,3.258,1.54,0.12329739659771977,0.28291288461376074,0
Spain,18,previous,3,0.1667,0.0395,4.216,1.74,0.08225803134731313,0.23227267818131883,0
Spain,18,agents,3,0.1667,0.0116,14.333,2.26,0.02372927142945347,0.16327179913526108,0
Spain,18,assessments,3,0.1667,0.007,23.889,2.36,0.018407781534430345,0.1521219027004207,0
Spain,18,situations,4,0.2222,0.0023,95.556,2.9,0.0037897661084507206,0.06662031709073112,0
Spain,18,transmission,3,0.1667,0.0047,35.833,2.41,0.01611554411137539,0.14479685760186756,0
Switzerland,13,systems,3,0.2308,0.3931,0.587,-1.24,0.21316260319406055,0.389053159857136,0
Switzerland,13,stakeholders,3,0.2308,0.1379,1.673,0.85,0.39498614630212514,0.5796874090279214,0
Switzerland,13,resources,3,0.2308,0.0966,2.39,1.29,0.19742870235784293,0.3748442300162311,0
Switzerland,13,olympic,6,0.4615,0.2345,1.968,1.69,0.0903543987324964,0.24400940820491032,0
Switzerland,13,strategies,6,0.4615,0.1494,3.089,2.41,0.01606494552930382,0.14479685760186756,0
Switzerland,13,committee,4,0.3077,0.0552,5.577,2.33,0.01991060699777414,0.15644623368965352,0
Switzerland,13,elite,7,0.5385,0.446,1.207,0.66,0.5110217677698239,0.6724351590059015,0
Switzerland,13,games,3,0.2308,0.1379,1.673,0.85,0.39498614630212514,0.5796874090279214,0
Switzerland,13,decisions,3,0.2308,0.0276,8.365,2.15,0.03137243115797794,0.17062249678089372,0
Switzerland,13,olympic committee,4,0.3077,0.0368,8.365,2.55,0.01080006159822422,0.12541571530937876,0
Switzerland,13,ecosystem,3,0.2308,0.0943,2.448,1.31,0.18860633705322272,0.3657939188359998,0
Switzerland,13,actors,5,0.3846,0.046,8.365,2.93,0.0034210290549943068,0.06662031709073112,0
Switzerland,13,clubs,4,0.3077,0.0874,3.522,1.97,0.04927090401878975,0.1914568399592308,0
Switzerland,13,sporting,5,0.3846,0.1586,2.425,1.81,0.07104903309103694,0.2212512110281374,0
Switzerland,13,sector,4,0.3077,0.0391,7.873,2.52,0.011707814539635875,0.12814575653187232,0
Switzerland,13,issues,4,0.3077,0.0989,3.113,1.84,0.06522009191216727,0.21409705083534766,0
Switzerland,13,nations,3,0.2308,0.0575,4.015,1.75,0.07958817001774277,0.23227267818131883,0
Switzerland,13,organizations,4,0.3077,0.1448,2.125,1.38,0.16668365430431287,0.34107734548173274,0
Switzerland,13,national sport,3,0.2308,0.0713,3.238,1.58,0.1134977993149342,0.2737137670798595,0
Switzerland,13,advantage,3,0.2308,0.0414,5.577,1.96,0.0497052034922969,0.1914568399592308,0
Switzerland,13,competitive,7,0.5385,0.1494,3.604,2.91,0.0036173700985819845,0.06662031709073112,0
Switzerland,13,concept,3,0.2308,0.0667,3.462,1.64,0.10129558395839022,0.2585263667509465,0
Switzerland,13,switzerland,4,0.3077,0.0115,26.769,2.87,0.004059830555307231,0.06662031709073112,0
